scenario,policy,start,success,evac_time,fed,incapacitated,timed_out,smoke_time,fire_time,wait_time,path_length,n_reroutes,plan_ms,n_plans
0,shortest_path,N2_7,0,,1.0,1,0,41.09,6.0,0.0,36.0,0,0.623,3
0,static_risk,N2_7,1,56.359020425610076,0.6846,0,0,56.36,0.0,0.0,48.0,0,3.023,4
0,dynamic_risk,N2_7,1,56.378464090057996,0.6848,0,0,56.38,0.0,0.0,48.0,0,7.392,4
0,dynamic_perfect_perception,N2_7,1,56.359020425610076,0.6846,0,0,56.36,0.0,0.0,48.0,0,8.164,4
0,oracle,N2_7,1,56.359020425610076,0.6846,0,0,56.36,0.0,0.0,48.0,0,0.0,0
1,shortest_path,N1_1,1,17.910456568601248,0.0,0,0,0.0,0.0,0.0,24.0,0,0.517,2
1,static_risk,N1_1,1,17.916755228024105,0.0,0,0,0.0,0.0,0.0,24.0,0,2.353,2
1,dynamic_risk,N1_1,1,17.916755228024105,0.0,0,0,0.0,0.0,0.0,24.0,0,3.553,2
1,dynamic_perfect_perception,N1_1,1,17.910456568601248,0.0,0,0,0.0,0.0,0.0,24.0,0,3.597,2
1,oracle,N1_1,1,17.910456568601248,0.0,0,0,0.0,0.0,0.0,24.0,0,0.0,0
2,shortest_path,N0_4,1,14.055115323918677,0.1755,0,0,14.06,0.06,0.0,12.0,0,0.167,1
2,static_risk,N0_4,1,14.055115323918677,0.1755,0,0,14.06,0.06,0.0,12.0,0,2.405,1
2,dynamic_risk,N0_4,1,14.055115323918677,0.1755,0,0,14.06,0.06,0.0,12.0,0,1.834,1
2,dynamic_perfect_perception,N0_4,1,14.055115323918677,0.1755,0,0,14.06,0.06,0.0,12.0,0,2.044,1
2,oracle,N0_4,1,14.055115323918677,0.1755,0,0,14.06,0.06,0.0,12.0,0,0.0,0
3,shortest_path,N1_8,1,21.74928145550118,0.1279,0,0,14.75,0.0,0.0,24.0,0,0.418,2
3,static_risk,N1_8,1,21.747062772696964,0.1279,0,0,14.75,0.0,0.0,24.0,0,2.542,2
3,dynamic_risk,N1_8,1,21.747062772696964,0.1279,0,0,14.75,0.0,0.0,24.0,0,3.76,2
3,dynamic_perfect_perception,N1_8,1,21.747062772696964,0.1279,0,0,14.75,0.0,0.0,24.0,0,3.52,2
3,oracle,N1_8,1,21.747062772696964,0.1279,0,0,14.75,0.0,0.0,24.0,0,0.0,0
4,shortest_path,N1_8,1,17.988531561044123,0.0026,0,0,0.0,0.0,0.0,24.0,0,0.416,2
4,static_risk,N1_8,1,17.988188838792997,0.0026,0,0,0.0,0.0,0.0,24.0,0,2.327,2
4,dynamic_risk,N1_8,1,17.988188838792997,0.0026,0,0,0.0,0.0,0.0,24.0,0,3.701,2
4,dynamic_perfect_perception,N1_8,1,17.988188838792997,0.0026,0,0,0.0,0.0,0.0,24.0,0,3.624,2
4,oracle,N1_8,1,17.988188838792997,0.0026,0,0,0.0,0.0,0.0,24.0,0,0.0,0
5,shortest_path,N4_2,1,26.8724094951952,0.0,0,0,0.0,0.0,0.0,36.0,0,0.65,3
5,static_risk,N4_2,1,26.865698736162976,0.0,0,0,0.0,0.0,0.0,36.0,0,2.353,3
5,dynamic_risk,N4_2,1,26.865698736162976,0.0,0,0,0.0,0.0,0.0,36.0,0,5.936,3
5,dynamic_perfect_perception,N4_2,1,26.865671641791042,0.0,0,0,0.0,0.0,0.0,36.0,0,5.381,3
5,oracle,N4_2,1,26.865671641791042,0.0,0,0,0.0,0.0,0.0,36.0,0,0.0,0
6,shortest_path,N5_5,1,8.955646239364588,0.0,0,0,0.0,0.0,0.0,12.0,0,0.164,1
6,static_risk,N5_5,1,8.955646239364588,0.0,0,0,0.0,0.0,0.0,12.0,0,2.307,1
6,dynamic_risk,N5_5,1,8.955646239364588,0.0,0,0,0.0,0.0,0.0,12.0,0,1.726,1
6,dynamic_perfect_perception,N5_5,1,8.955646239364588,0.0,0,0,0.0,0.0,0.0,12.0,0,1.621,1
6,oracle,N5_5,1,8.955646239364588,0.0,0,0,0.0,0.0,0.0,12.0,0,0.0,0
7,shortest_path,N2_3,1,43.50671653169129,0.2561,0,0,23.55,0.0,0.0,48.0,0,0.71,4
7,static_risk,N2_3,1,35.83722882183274,0.0,0,0,0.0,0.0,0.0,48.0,0,2.233,4
7,dynamic_risk,N2_3,1,35.83722882183274,0.0,0,0,0.0,0.0,0.0,48.0,0,7.171,4
7,dynamic_perfect_perception,N2_3,1,35.82089552238806,0.0,0,0,0.0,0.0,0.0,48.0,0,6.653,4
7,oracle,N2_3,1,35.82089552238806,0.0,0,0,0.0,0.0,0.0,48.0,0,0.0,0
8,shortest_path,N1_7,1,26.887542706270676,0.0,0,0,0.0,0.0,0.0,36.0,0,0.569,3
8,static_risk,N1_7,1,26.887542706270676,0.0,0,0,0.0,0.0,0.0,36.0,0,2.838,3
8,dynamic_risk,N1_7,1,26.866108625062694,0.0,0,0,0.0,0.0,0.0,36.0,0,5.334,3
8,dynamic_perfect_perception,N1_7,1,26.865671641791042,0.0,0,0,0.0,0.0,0.0,36.0,0,5.178,3
8,oracle,N1_7,1,26.865671641791042,0.0,0,0,0.0,0.0,0.0,36.0,0,0.0,0
9,shortest_path,N3_2,0,,1.0,1,0,41.45,5.0,0.0,48.0,0,0.833,4
9,static_risk,N3_2,1,46.32620303882254,0.3501,0,0,28.35,0.0,0.0,48.0,0,2.299,4
9,dynamic_risk,N3_2,1,46.32620303882254,0.3501,0,0,28.35,0.0,0.0,48.0,0,7.361,4
9,dynamic_perfect_perception,N3_2,1,36.053533506088044,0.0078,0,0,0.0,0.0,0.0,48.0,0,7.163,4
9,oracle,N3_2,1,44.7764947248109,0.0,0,0,0.0,0.0,0.0,60.0,0,0.0,0
10,shortest_path,N3_9,1,17.910447761221505,0.0,0,0,0.0,0.0,0.0,24.0,0,0.453,2
10,static_risk,N3_9,1,17.910447761221505,0.0,0,0,0.0,0.0,0.0,24.0,0,2.249,2
10,dynamic_risk,N3_9,1,17.910447761221505,0.0,0,0,0.0,0.0,0.0,24.0,0,3.593,2
10,dynamic_perfect_perception,N3_9,1,17.910447761221505,0.0,0,0,0.0,0.0,0.0,24.0,0,7.757,2
10,oracle,N3_9,1,17.910447761221505,0.0,0,0,0.0,0.0,0.0,24.0,0,0.0,0
11,shortest_path,N3_1,1,27.35274640283314,0.0162,0,0,0.0,0.0,0.0,36.0,0,0.758,3
11,static_risk,N3_1,1,29.12230221986808,0.6196,0,0,4.44,5.44,0.0,36.0,0,2.213,3
11,dynamic_risk,N3_1,1,27.35274640283314,0.0162,0,0,0.0,0.0,0.0,36.0,0,5.189,3
11,dynamic_perfect_perception,N3_1,1,27.32223108801458,0.0152,0,0,0.0,0.0,0.0,36.0,0,4.951,3
11,oracle,N3_1,1,35.820949657716604,0.0,0,0,0.0,0.0,0.0,48.0,0,0.0,0
12,shortest_path,N3_3,1,26.865671641791042,0.0,0,0,0.0,0.0,0.0,36.0,0,0.532,3
12,static_risk,N3_3,1,26.865671641791042,0.0,0,0,0.0,0.0,0.0,36.0,0,2.315,3
12,dynamic_risk,N3_3,1,26.865671641791042,0.0,0,0,0.0,0.0,0.0,36.0,0,5.184,3
12,dynamic_perfect_perception,N3_3,1,26.865671641791042,0.0,0,0,0.0,0.0,0.0,36.0,0,4.913,3
12,oracle,N3_3,1,26.865671641791042,0.0,0,0,0.0,0.0,0.0,36.0,0,0.0,0
13,shortest_path,N1_9,1,10.371116696103893,0.0472,0,0,3.37,0.0,0.0,12.0,0,0.204,1
13,static_risk,N1_9,1,10.371116696103893,0.0472,0,0,3.37,0.0,0.0,12.0,0,2.206,1
13,dynamic_risk,N1_9,1,10.371116696103893,0.0472,0,0,3.37,0.0,0.0,12.0,0,1.695,1
13,dynamic_perfect_perception,N1_9,1,10.371116696103893,0.0472,0,0,3.37,0.0,0.0,12.0,0,1.608,1
13,oracle,N1_9,1,10.371116696103893,0.0472,0,0,3.37,0.0,0.0,12.0,0,0.0,0
14,shortest_path,N0_8,1,8.975679738999924,0.0,0,0,0.0,0.0,0.0,12.0,0,0.19,1
14,static_risk,N0_8,1,8.975679738999924,0.0,0,0,0.0,0.0,0.0,12.0,0,2.086,1
14,dynamic_risk,N0_8,1,8.975679738999924,0.0,0,0,0.0,0.0,0.0,12.0,0,1.668,1
14,dynamic_perfect_perception,N0_8,1,8.975679738999924,0.0,0,0,0.0,0.0,0.0,12.0,0,1.602,1
14,oracle,N0_8,1,8.975679738999924,0.0,0,0,0.0,0.0,0.0,12.0,0,0.0,0
15,shortest_path,N1_6,1,19.200181615634285,0.043,0,0,2.24,0.0,0.0,24.0,0,0.368,2
15,static_risk,N1_6,1,19.199937753212122,0.043,0,0,2.24,0.0,0.0,24.0,0,2.158,2
15,dynamic_risk,N1_6,1,19.199937753212122,0.043,0,0,2.24,0.0,0.0,24.0,0,3.443,2
15,dynamic_perfect_perception,N1_6,1,19.199937753212122,0.043,0,0,2.24,0.0,0.0,24.0,0,3.38,2
15,oracle,N1_6,1,35.82438693210172,0.0,0,0,0.0,0.0,0.0,48.0,0,0.0,0
16,shortest_path,N2_6,1,31.972177051945202,0.1702,0,0,17.9,0.0,0.0,36.0,0,0.545,3
16,static_risk,N2_6,1,31.972696739916866,0.1702,0,0,17.9,0.0,0.0,36.0,0,2.148,3
16,dynamic_risk,N2_6,1,31.972696739916866,0.1702,0,0,17.9,0.0,0.0,36.0,0,5.085,3
16,dynamic_perfect_perception,N2_6,1,31.972177051945202,0.1702,0,0,17.9,0.0,0.0,36.0,0,4.934,3
16,oracle,N2_6,1,49.88261300846533,0.1702,0,0,17.9,0.0,0.0,60.0,0,0.0,0
17,shortest_path,N3_6,1,35.82298917741954,0.0,0,0,0.0,0.0,0.0,48.0,0,0.74,4
17,static_risk,N3_6,1,35.82547572625988,0.0,0,0,0.0,0.0,0.0,48.0,0,2.572,4
17,dynamic_risk,N3_6,1,35.822825591390135,0.0,0,0,0.0,0.0,0.0,48.0,0,7.591,4
17,dynamic_perfect_perception,N3_6,1,35.82154468509501,0.0,0,0,0.0,0.0,0.0,48.0,0,7.085,4
17,oracle,N3_6,1,35.82154468509501,0.0,0,0,0.0,0.0,0.0,48.0,0,0.0,0
18,shortest_path,N1_4,1,18.397715605138504,0.0162,0,0,0.0,0.0,0.0,24.0,0,0.365,2
18,static_risk,N1_4,1,18.398860945556216,0.0162,0,0,0.0,0.0,0.0,24.0,0,2.379,2
18,dynamic_risk,N1_4,1,18.398860945556216,0.0162,0,0,0.0,0.0,0.0,24.0,0,4.324,2
18,dynamic_perfect_perception,N1_4,1,18.397715605138504,0.0162,0,0,0.0,0.0,0.0,24.0,0,3.889,2
18,oracle,N1_4,1,35.822122731484235,0.0,0,0,0.0,0.0,0.0,48.0,0,0.0,0
19,shortest_path,N4_6,1,26.867143432075107,0.0,0,0,0.0,0.0,0.0,36.0,0,0.898,3
19,static_risk,N4_6,1,26.86735436147955,0.0,0,0,0.0,0.0,0.0,36.0,0,2.871,3
19,dynamic_risk,N4_6,1,26.86735436147955,0.0,0,0,0.0,0.0,0.0,36.0,0,8.462,3
19,dynamic_perfect_perception,N4_6,1,26.867143432075107,0.0,0,0,0.0,0.0,0.0,36.0,0,6.636,3
19,oracle,N4_6,1,26.867066237279,0.0,0,0,0.0,0.0,0.0,36.0,0,0.0,0
20,shortest_path,N4_9,1,9.151371527600556,0.0065,0,0,0.0,0.0,0.0,12.0,0,0.464,1
20,static_risk,N4_9,1,9.151371527600556,0.0065,0,0,0.0,0.0,0.0,12.0,0,4.467,1
20,dynamic_risk,N4_9,1,9.151371527600556,0.0065,0,0,0.0,0.0,0.0,12.0,0,2.147,1
20,dynamic_perfect_perception,N4_9,1,9.151371527600556,0.0065,0,0,0.0,0.0,0.0,12.0,0,3.208,1
20,oracle,N4_9,1,35.83999436402192,0.0,0,0,0.0,0.0,0.0,48.0,0,0.0,0
21,shortest_path,N1_3,1,32.582538684767044,0.3414,0,0,21.58,1.52,0.0,36.0,0,1.24,3
21,static_risk,N1_3,1,28.863925579140275,0.0658,0,0,4.51,0.0,0.0,36.0,0,5.24,3
21,dynamic_risk,N1_3,1,28.863925579140275,0.0658,0,0,4.51,0.0,0.0,36.0,0,6.259,3
21,dynamic_perfect_perception,N1_3,1,28.863925579140275,0.0658,0,0,4.51,0.0,0.0,36.0,0,7.638,3
21,oracle,N1_3,1,35.82499063998775,0.0,0,0,0.0,0.0,0.0,48.0,0,0.0,0
22,shortest_path,N1_1,0,,1.0,1,0,75.0,0.0,75.0,0.0,0,98.312,375
22,static_risk,N1_1,0,,1.0,1,0,75.0,0.0,75.0,0.0,0,301.507,150
22,dynamic_risk,N1_1,0,,1.0,1,0,75.0,0.0,75.0,0.0,0,721.153,194
22,dynamic_perfect_perception,N1_1,0,,1.0,1,0,75.0,0.0,75.0,0.0,0,522.742,150
22,oracle,N1_1,0,,1.0,0,0,0.0,0.0,0.0,0.0,0,0.0,0
23,shortest_path,N5_3,1,8.955223908279192,0.0,0,0,0.0,0.0,0.0,12.0,0,0.18,1
23,static_risk,N5_3,1,8.955223908279192,0.0,0,0,0.0,0.0,0.0,12.0,0,2.234,1
23,dynamic_risk,N5_3,1,8.955223908279192,0.0,0,0,0.0,0.0,0.0,12.0,0,1.961,1
23,dynamic_perfect_perception,N5_3,1,8.955223908279192,0.0,0,0,0.0,0.0,0.0,12.0,0,1.738,1
23,oracle,N5_3,1,8.955223908279192,0.0,0,0,0.0,0.0,0.0,12.0,0,0.0,0
24,shortest_path,N4_8,1,17.938850846036516,0.0009,0,0,0.0,0.0,0.0,24.0,0,0.422,2
24,static_risk,N4_8,1,17.946973724068187,0.0009,0,0,0.0,0.0,0.0,24.0,0,2.295,2
24,dynamic_risk,N4_8,1,17.946973724068187,0.0009,0,0,0.0,0.0,0.0,24.0,0,4.519,2
24,dynamic_perfect_perception,N4_8,1,17.938850846036516,0.0009,0,0,0.0,0.0,0.0,24.0,0,3.508,2
24,oracle,N4_8,1,17.938850846036516,0.0009,0,0,0.0,0.0,0.0,24.0,0,0.0,0
25,shortest_path,N2_7,1,43.83852672112736,0.564,0,0,43.84,2.97,0.0,48.0,1,2.29,7
25,static_risk,N2_7,1,42.33191122605045,0.2167,0,0,24.33,0.0,0.0,48.0,0,4.045,4
25,dynamic_risk,N2_7,1,42.33191122605045,0.2167,0,0,24.33,0.0,0.0,48.0,0,10.223,4
25,dynamic_perfect_perception,N2_7,1,50.86793339164861,0.2031,0,0,2.64,0.0,0.0,60.0,0,10.417,5
25,oracle,N2_7,1,50.86793339164861,0.2031,0,0,2.64,0.0,0.0,60.0,0,0.0,0
26,shortest_path,N5_1,1,8.955223880597014,0.0,0,0,0.0,0.0,0.0,12.0,0,0.194,1
26,static_risk,N5_1,1,8.955223880597014,0.0,0,0,0.0,0.0,0.0,12.0,0,2.209,1
26,dynamic_risk,N5_1,1,8.955223880597014,0.0,0,0,0.0,0.0,0.0,12.0,0,1.697,1
26,dynamic_perfect_perception,N5_1,1,8.955223880597014,0.0,0,0,0.0,0.0,0.0,12.0,0,1.612,1
26,oracle,N5_1,1,8.955223880597014,0.0,0,0,0.0,0.0,0.0,12.0,0,0.0,0
27,shortest_path,N4_4,1,8.969832126544999,0.0,0,0,0.0,0.0,0.0,12.0,0,0.18,1
27,static_risk,N4_4,1,8.969832126544999,0.0,0,0,0.0,0.0,0.0,12.0,0,2.315,1
27,dynamic_risk,N4_4,1,8.969832126544999,0.0,0,0,0.0,0.0,0.0,12.0,0,1.787,1
27,dynamic_perfect_perception,N4_4,1,8.969832126544999,0.0,0,0,0.0,0.0,0.0,12.0,0,1.661,1
27,oracle,N4_4,1,8.969832126544999,0.0,0,0,0.0,0.0,0.0,12.0,0,0.0,0
28,shortest_path,N1_0,1,10.053497037088086,0.142,0,0,0.0,1.05,0.0,12.0,0,0.204,1
28,static_risk,N1_0,1,10.053497037088086,0.142,0,0,0.0,1.05,0.0,12.0,0,2.338,1
28,dynamic_risk,N1_0,1,10.053497037088086,0.142,0,0,0.0,1.05,0.0,12.0,0,1.73,1
28,dynamic_perfect_perception,N1_0,1,10.053497037088086,0.142,0,0,0.0,1.05,0.0,12.0,0,1.649,1
28,oracle,N1_0,1,10.053497037088086,0.142,0,0,0.0,1.05,0.0,12.0,0,0.0,0
29,shortest_path,N3_8,1,32.57527537094737,0.1903,0,0,20.58,0.0,0.0,36.0,0,0.622,3
29,static_risk,N3_8,1,32.57523996917235,0.1903,0,0,20.58,0.0,0.0,36.0,0,2.304,3
29,dynamic_risk,N3_8,1,32.57523996917235,0.1903,0,0,20.58,0.0,0.0,36.0,0,6.252,3
29,dynamic_perfect_perception,N3_8,1,32.57523996917235,0.1903,0,0,20.58,0.0,0.0,36.0,0,6.672,3
29,oracle,N3_8,1,32.57523996917235,0.1903,0,0,20.58,0.0,0.0,36.0,0,0.0,0
30,shortest_path,N3_7,1,35.82136034196182,0.0,0,0,0.0,0.0,0.0,48.0,0,0.915,4
30,static_risk,N3_7,1,35.82089554950127,0.0,0,0,0.0,0.0,0.0,48.0,0,2.319,4
30,dynamic_risk,N3_7,1,35.83838317774513,0.0,0,0,0.0,0.0,0.0,48.0,0,7.635,4
30,dynamic_perfect_perception,N3_7,1,35.82089554950127,0.0,0,0,0.0,0.0,0.0,48.0,0,6.907,4
30,oracle,N3_7,1,35.82089554950127,0.0,0,0,0.0,0.0,0.0,48.0,0,0.0,0
31,shortest_path,N0_1,1,11.927389950110989,0.0991,0,0,11.93,0.0,0.0,12.0,0,0.196,1
31,static_risk,N0_1,1,11.927389950110989,0.0991,0,0,11.93,0.0,0.0,12.0,0,2.186,1
31,dynamic_risk,N0_1,1,11.927389950110989,0.0991,0,0,11.93,0.0,0.0,12.0,0,1.7,1
31,dynamic_perfect_perception,N0_1,1,11.927389950110989,0.0991,0,0,11.93,0.0,0.0,12.0,0,1.7,1
31,oracle,N0_1,1,36.513858507660764,0.023,0,0,0.0,0.0,0.0,48.0,0,0.0,0
32,shortest_path,N0_6,1,10.239325073334397,0.0428,0,0,1.24,0.0,0.0,12.0,0,0.186,1
32,static_risk,N0_6,1,10.239325073334397,0.0428,0,0,1.24,0.0,0.0,12.0,0,2.712,1
32,dynamic_risk,N0_6,1,10.239325073334397,0.0428,0,0,1.24,0.0,0.0,12.0,0,2.164,1
32,dynamic_perfect_perception,N0_6,1,10.239325073334397,0.0428,0,0,1.24,0.0,0.0,12.0,0,2.055,1
32,oracle,N0_6,1,10.239325073334397,0.0428,0,0,1.24,0.0,0.0,12.0,0,0.0,0
33,shortest_path,N3_9,1,17.91067621282892,0.0,0,0,0.0,0.0,0.0,24.0,0,0.423,2
33,static_risk,N3_9,1,17.91067621282892,0.0,0,0,0.0,0.0,0.0,24.0,0,2.304,2
33,dynamic_risk,N3_9,1,17.91067621282892,0.0,0,0,0.0,0.0,0.0,24.0,0,3.526,2
33,dynamic_perfect_perception,N3_9,1,17.91067621282892,0.0,0,0,0.0,0.0,0.0,24.0,0,3.426,2
33,oracle,N3_9,1,17.91067621282892,0.0,0,0,0.0,0.0,0.0,24.0,0,0.0,0
34,shortest_path,N3_6,0,,1.0,1,0,47.22,5.25,0.0,48.0,0,0.767,4
34,static_risk,N3_6,0,,1.0,1,0,47.22,5.25,0.0,48.0,0,3.152,4
34,dynamic_risk,N3_6,0,,1.0,1,0,47.22,5.25,0.0,48.0,0,7.78,4
34,dynamic_perfect_perception,N3_6,0,,1.0,1,0,47.22,5.25,0.0,48.0,0,11.024,4
34,oracle,N3_6,0,,1.0,0,0,0.0,0.0,0.0,0.0,0,0.0,0
35,shortest_path,N3_8,1,30.135742354805164,0.109,0,0,0.14,0.0,0.0,36.0,0,1.474,3
35,static_risk,N3_8,1,30.135742354805164,0.109,0,0,0.14,0.0,0.0,36.0,0,2.483,3
35,dynamic_risk,N3_8,1,30.135742354805164,0.109,0,0,0.14,0.0,0.0,36.0,0,5.865,3
35,dynamic_perfect_perception,N3_8,1,30.135742354805164,0.109,0,0,0.14,0.0,0.0,36.0,0,6.099,3
35,oracle,N3_8,1,30.135742354805164,0.109,0,0,0.14,0.0,0.0,36.0,0,0.0,0
36,shortest_path,N2_4,1,29.144830517452355,0.4135,0,0,3.38,3.38,0.0,36.0,0,0.797,4
36,static_risk,N2_4,1,29.144830517452355,0.4135,0,0,3.38,3.38,0.0,36.0,0,2.392,3
36,dynamic_risk,N2_4,1,29.144830517452355,0.4135,0,0,3.38,3.38,0.0,36.0,0,5.535,3
36,dynamic_perfect_perception,N2_4,1,28.404999918189755,0.384,0,0,2.33,3.33,0.0,36.0,0,5.526,3
36,oracle,N2_4,1,26.884294150786726,0.0,0,0,0.0,0.0,0.0,36.0,0,0.0,0
37,shortest_path,N4_6,1,26.879991133015647,0.0,0,0,0.0,0.0,0.0,36.0,0,0.578,3
37,static_risk,N4_6,1,35.826359722000426,0.0,0,0,0.0,0.0,0.0,48.0,0,2.357,4
37,dynamic_risk,N4_6,1,35.82089552238806,0.0,0,0,0.0,0.0,0.0,48.0,0,8.098,4
37,dynamic_perfect_perception,N4_6,1,26.865671647236564,0.0,0,0,0.0,0.0,0.0,36.0,0,6.375,3
37,oracle,N4_6,1,26.865671647236564,0.0,0,0,0.0,0.0,0.0,36.0,0,0.0,0
38,shortest_path,N4_3,0,,1.0,1,0,11.0,9.0,0.0,12.0,0,0.36,1
38,static_risk,N4_3,1,18.505554463562984,0.0198,0,0,0.0,0.0,0.0,24.0,0,2.669,2
38,dynamic_risk,N4_3,1,18.505554463562984,0.0198,0,0,0.0,0.0,0.0,24.0,0,6.282,2
38,dynamic_perfect_perception,N4_3,1,18.505554463562984,0.0198,0,0,0.0,0.0,0.0,24.0,0,3.894,2
38,oracle,N4_3,1,35.82117492765505,0.0,0,0,0.0,0.0,0.0,48.0,0,0.0,0
39,shortest_path,N1_6,1,17.912183101424127,0.0,0,0,0.0,0.0,0.0,24.0,0,0.521,2
39,static_risk,N1_6,1,17.910447761418244,0.0,0,0,0.0,0.0,0.0,24.0,0,3.83,2
39,dynamic_risk,N1_6,1,17.910447761418244,0.0,0,0,0.0,0.0,0.0,24.0,0,3.972,2
39,dynamic_perfect_perception,N1_6,1,17.910447761418244,0.0,0,0,0.0,0.0,0.0,24.0,0,4.475,2
39,oracle,N1_6,1,17.910447761418244,0.0,0,0,0.0,0.0,0.0,24.0,0,0.0,0
40,shortest_path,N3_2,1,35.82499776550967,0.0,0,0,0.0,0.0,0.0,48.0,0,1.011,4
40,static_risk,N3_2,1,35.82474427531527,0.0,0,0,0.0,0.0,0.0,48.0,0,3.16,4
40,dynamic_risk,N3_2,1,35.82474427531527,0.0,0,0,0.0,0.0,0.0,48.0,0,20.533,4
40,dynamic_perfect_perception,N3_2,1,35.82089552238806,0.0,0,0,0.0,0.0,0.0,48.0,0,13.447,4
40,oracle,N3_2,1,35.82089552238806,0.0,0,0,0.0,0.0,0.0,48.0,0,0.0,0
41,shortest_path,N2_7,1,51.0225985156797,0.9861,0,0,51.02,4.8,0.0,48.0,0,1.448,4
41,static_risk,N2_7,1,43.65380076444932,0.261,0,0,27.53,0.0,0.0,48.0,0,6.655,4
41,dynamic_risk,N2_7,1,43.65380076444932,0.261,0,0,27.53,0.0,0.0,48.0,0,10.976,4
41,dynamic_perfect_perception,N2_7,1,43.65172763892128,0.261,0,0,27.53,0.0,0.0,48.0,0,12.633,4
41,oracle,N2_7,1,52.608627199977754,0.261,0,0,27.53,0.0,0.0,60.0,0,0.0,0
42,shortest_path,N4_3,1,18.30954919276918,0.0133,0,0,0.0,0.0,0.0,24.0,0,0.711,2
42,static_risk,N4_3,1,18.30954919276918,0.0133,0,0,0.0,0.0,0.0,24.0,0,4.306,2
42,dynamic_risk,N4_3,1,18.30954919276918,0.0133,0,0,0.0,0.0,0.0,24.0,0,6.544,2
42,dynamic_perfect_perception,N4_3,1,18.30954919276918,0.0133,0,0,0.0,0.0,0.0,24.0,0,3.572,2
42,oracle,N4_3,1,17.923810377000656,0.0,0,0,0.0,0.0,0.0,24.0,0,0.0,0
43,shortest_path,N0_3,1,17.91044776119403,0.0,0,0,0.0,0.0,0.0,24.0,0,0.527,2
43,static_risk,N0_3,1,17.91044776119403,0.0,0,0,0.0,0.0,0.0,24.0,0,2.694,2
43,dynamic_risk,N0_3,1,17.91044776119403,0.0,0,0,0.0,0.0,0.0,24.0,0,4.904,2
43,dynamic_perfect_perception,N0_3,1,17.91044776119403,0.0,0,0,0.0,0.0,0.0,24.0,0,5.002,2
43,oracle,N0_3,1,17.91044776119403,0.0,0,0,0.0,0.0,0.0,24.0,0,0.0,0
44,shortest_path,N2_9,1,18.0132688272467,0.0034,0,0,0.0,0.0,0.0,24.0,0,0.543,2
44,static_risk,N2_9,1,18.0132688272467,0.0034,0,0,0.0,0.0,0.0,24.0,0,4.167,2
44,dynamic_risk,N2_9,1,18.0132688272467,0.0034,0,0,0.0,0.0,0.0,24.0,0,5.394,2
44,dynamic_perfect_perception,N2_9,1,18.0132688272467,0.0034,0,0,0.0,0.0,0.0,24.0,0,4.909,2
44,oracle,N2_9,1,18.0132688272467,0.0034,0,0,0.0,0.0,0.0,24.0,0,0.0,0
45,shortest_path,N2_0,1,17.91044776119403,0.0,0,0,0.0,0.0,0.0,24.0,0,0.631,2
45,static_risk,N2_0,1,17.91044776119403,0.0,0,0,0.0,0.0,0.0,24.0,0,2.544,2
45,dynamic_risk,N2_0,1,17.91044776119403,0.0,0,0,0.0,0.0,0.0,24.0,0,4.711,2
45,dynamic_perfect_perception,N2_0,1,17.91044776119403,0.0,0,0,0.0,0.0,0.0,24.0,0,5.715,2
45,oracle,N2_0,1,17.91044776119403,0.0,0,0,0.0,0.0,0.0,24.0,0,0.0,0
46,shortest_path,N0_6,0,,1.0,1,0,94.0,0.0,94.0,0.0,0,85.441,376
46,static_risk,N0_6,0,,1.0,1,0,94.0,0.0,94.0,0.0,0,678.62,282
46,dynamic_risk,N0_6,0,,1.0,1,0,94.0,0.0,94.0,0.0,0,729.798,198
46,dynamic_perfect_perception,N0_6,0,,1.0,1,0,94.0,0.0,94.0,0.0,0,692.84,188
46,oracle,N0_6,0,,1.0,0,0,0.0,0.0,0.0,0.0,0,0.0,0
47,shortest_path,N2_5,1,18.88401236561084,0.0324,0,0,0.91,0.0,0.0,24.0,0,0.549,2
47,static_risk,N2_5,1,18.88401236561084,0.0324,0,0,0.91,0.0,0.0,24.0,0,2.312,2
47,dynamic_risk,N2_5,1,18.88401236561084,0.0324,0,0,0.91,0.0,0.0,24.0,0,4.069,2
47,dynamic_perfect_perception,N2_5,1,18.88401236561084,0.0324,0,0,0.91,0.0,0.0,24.0,0,3.559,2
47,oracle,N2_5,1,35.833237402714914,0.0,0,0,0.0,0.0,0.0,48.0,0,0.0,0
48,shortest_path,N3_8,0,,1.0,1,0,181.0,0.0,181.0,0.0,0,172.659,905
48,static_risk,N3_8,0,,1.0,1,0,181.0,0.0,181.0,0.0,0,1837.921,724
48,dynamic_risk,N3_8,0,,1.0,1,0,181.0,0.0,181.0,0.0,0,1874.892,478
48,dynamic_perfect_perception,N3_8,0,,1.0,1,0,181.0,0.0,181.0,0.0,0,1394.683,362
48,oracle,N3_8,0,,1.0,0,0,0.0,0.0,0.0,0.0,0,0.0,0
49,shortest_path,N0_6,1,10.901727829561638,0.0649,0,0,7.9,0.0,0.0,12.0,0,0.183,1
49,static_risk,N0_6,1,10.901727829561638,0.0649,0,0,7.9,0.0,0.0,12.0,0,2.323,1
49,dynamic_risk,N0_6,1,10.901727829561638,0.0649,0,0,7.9,0.0,0.0,12.0,0,1.747,1
49,dynamic_perfect_perception,N0_6,1,10.901727829561638,0.0649,0,0,7.9,0.0,0.0,12.0,0,1.642,1
49,oracle,N0_6,1,26.865673079042118,0.0,0,0,0.0,0.0,0.0,36.0,0,0.0,0
50,shortest_path,N3_4,1,20.942077926461423,0.1011,0,0,8.94,0.0,0.0,24.0,0,0.355,2
50,static_risk,N3_4,1,20.942077926461423,0.1011,0,0,8.94,0.0,0.0,24.0,0,2.529,2
50,dynamic_risk,N3_4,1,20.942077926461423,0.1011,0,0,8.94,0.0,0.0,24.0,0,3.608,2
50,dynamic_perfect_perception,N3_4,1,20.942077926461423,0.1011,0,0,8.94,0.0,0.0,24.0,0,4.037,2
50,oracle,N3_4,1,20.942077926461423,0.1011,0,0,8.94,0.0,0.0,24.0,0,0.0,0
51,shortest_path,N1_8,1,17.919642661648613,0.0,0,0,0.0,0.0,0.0,24.0,0,0.406,2
51,static_risk,N1_8,1,17.919642661648613,0.0,0,0,0.0,0.0,0.0,24.0,0,2.24,2
51,dynamic_risk,N1_8,1,17.919642661648613,0.0,0,0,0.0,0.0,0.0,24.0,0,3.589,2
51,dynamic_perfect_perception,N1_8,1,17.919642661648613,0.0,0,0,0.0,0.0,0.0,24.0,0,3.403,2
51,oracle,N1_8,1,17.919642661648613,0.0,0,0,0.0,0.0,0.0,24.0,0,0.0,0
52,shortest_path,N2_0,1,18.92605726877901,0.0332,0,0,0.0,0.0,0.0,24.0,0,0.43,2
52,static_risk,N2_0,1,18.92605726877901,0.0332,0,0,0.0,0.0,0.0,24.0,0,2.288,2
52,dynamic_risk,N2_0,1,18.92605726877901,0.0332,0,0,0.0,0.0,0.0,24.0,0,3.613,2
52,dynamic_perfect_perception,N2_0,1,18.92605726877901,0.0332,0,0,0.0,0.0,0.0,24.0,0,3.669,2
52,oracle,N2_0,1,26.868444031910272,0.0,0,0,0.0,0.0,0.0,36.0,0,0.0,0
53,shortest_path,N4_2,1,33.45870006968239,0.9301,0,0,33.46,7.11,0.0,36.0,0,0.614,3
53,static_risk,N4_2,1,33.45091627590012,0.93,0,0,33.45,7.11,0.0,36.0,0,2.241,3
53,dynamic_risk,N4_2,1,33.45091627590012,0.93,0,0,33.45,7.11,0.0,36.0,0,5.251,3
53,dynamic_perfect_perception,N4_2,1,33.45089166786714,0.93,0,0,33.45,7.11,0.0,36.0,0,6.862,3
53,oracle,N4_2,1,33.45089166786714,0.93,0,0,33.45,7.11,0.0,36.0,0,0.0,0
54,shortest_path,N1_1,1,21.74796760005044,0.1279,0,0,12.75,0.0,0.0,24.0,0,0.392,2
54,static_risk,N1_1,1,21.74796760005044,0.1279,0,0,12.75,0.0,0.0,24.0,0,3.52,2
54,dynamic_risk,N1_1,1,21.74796760005044,0.1279,0,0,12.75,0.0,0.0,24.0,0,3.757,2
54,dynamic_perfect_perception,N1_1,1,21.74796760005044,0.1279,0,0,12.75,0.0,0.0,24.0,0,3.324,2
54,oracle,N1_1,1,46.99018995517729,0.0738,0,0,1.01,0.0,0.0,60.0,0,0.0,0
55,shortest_path,N0_7,0,,1.0,1,0,28.91,6.0,0.0,24.0,1,0.785,4
55,static_risk,N0_7,1,30.198841535367592,0.4096,0,0,30.2,0.0,0.0,24.0,0,2.57,2
55,dynamic_risk,N0_7,1,30.198841535367592,0.4096,0,0,30.2,0.0,0.0,24.0,0,4.272,2
55,dynamic_perfect_perception,N0_7,1,30.198841535367592,0.4096,0,0,30.2,0.0,0.0,24.0,0,4.499,2
55,oracle,N0_7,1,30.198841535367592,0.4096,0,0,30.2,0.0,0.0,24.0,0,0.0,0
56,shortest_path,N3_8,1,26.872594505496643,0.0002,0,0,0.0,0.0,0.0,36.0,0,0.62,3
56,static_risk,N3_8,1,26.87158961637866,0.0002,0,0,0.0,0.0,0.0,36.0,0,2.199,3
56,dynamic_risk,N3_8,1,26.87158961637866,0.0002,0,0,0.0,0.0,0.0,36.0,0,5.306,3
56,dynamic_perfect_perception,N3_8,1,26.871253795324662,0.0002,0,0,0.0,0.0,0.0,36.0,0,5.551,3
56,oracle,N3_8,1,26.871253795324662,0.0002,0,0,0.0,0.0,0.0,36.0,0,0.0,0
57,shortest_path,N0_3,1,17.91044776119403,0.0,0,0,0.0,0.0,0.0,24.0,0,0.462,2
57,static_risk,N0_3,1,17.91044776119403,0.0,0,0,0.0,0.0,0.0,24.0,0,3.916,2
57,dynamic_risk,N0_3,1,17.91044776119403,0.0,0,0,0.0,0.0,0.0,24.0,0,6.565,2
57,dynamic_perfect_perception,N0_3,1,17.91044776119403,0.0,0,0,0.0,0.0,0.0,24.0,0,4.221,2
57,oracle,N0_3,1,17.91044776119403,0.0,0,0,0.0,0.0,0.0,24.0,0,0.0,0
58,shortest_path,N4_0,0,,1.0,1,0,70.0,0.0,70.0,0.0,0,53.615,280
58,static_risk,N4_0,0,,1.0,1,0,70.0,0.0,70.0,0.0,0,387.147,210
58,dynamic_risk,N4_0,0,,1.0,1,0,70.0,0.0,70.0,0.0,0,474.75,148
58,dynamic_perfect_perception,N4_0,0,,1.0,1,0,70.0,0.0,70.0,0.0,0,451.731,140
58,oracle,N4_0,0,,1.0,0,0,0.0,0.0,0.0,0.0,0,0.0,0
59,shortest_path,N1_7,1,26.866261583202643,0.0,0,0,0.0,0.0,0.0,36.0,0,0.559,3
59,static_risk,N1_7,1,26.866261583202643,0.0,0,0,0.0,0.0,0.0,36.0,0,2.269,3
59,dynamic_risk,N1_7,1,26.866261583202643,0.0,0,0,0.0,0.0,0.0,36.0,0,5.401,3
59,dynamic_perfect_perception,N1_7,1,28.03924189852194,0.5347,0,0,0.0,4.96,0.0,36.0,0,5.246,3
59,oracle,N1_7,1,26.866261583202643,0.0,0,0,0.0,0.0,0.0,36.0,0,0.0,0
60,shortest_path,N2_2,1,40.57410850908355,0.1582,0,0,9.8,0.0,0.0,48.0,0,0.776,4
60,static_risk,N2_2,1,38.48900643614252,0.0889,0,0,0.0,0.0,0.0,48.0,0,2.509,4
60,dynamic_risk,N2_2,1,38.48900643614252,0.0889,0,0,0.0,0.0,0.0,48.0,0,7.199,4
60,dynamic_perfect_perception,N2_2,1,38.48900643614252,0.0889,0,0,0.0,0.0,0.0,48.0,0,6.662,4
60,oracle,N2_2,1,45.61525003054433,0.028,0,0,0.0,0.0,0.0,60.0,0,0.0,0
61,shortest_path,N3_4,1,18.3336940525666,0.0141,0,0,0.0,0.0,0.0,24.0,0,0.36,2
61,static_risk,N3_4,1,18.3336940525666,0.0141,0,0,0.0,0.0,0.0,24.0,0,2.163,2
61,dynamic_risk,N3_4,1,18.3336940525666,0.0141,0,0,0.0,0.0,0.0,24.0,0,3.54,2
61,dynamic_perfect_perception,N3_4,1,18.3336940525666,0.0141,0,0,0.0,0.0,0.0,24.0,0,3.212,2
61,oracle,N3_4,1,18.3336940525666,0.0141,0,0,0.0,0.0,0.0,24.0,0,0.0,0
62,shortest_path,N3_9,1,22.430814915664133,0.1506,0,0,22.43,0.0,0.0,24.0,0,0.424,2
62,static_risk,N3_9,1,22.430814915664133,0.1506,0,0,22.43,0.0,0.0,24.0,0,2.123,2
62,dynamic_risk,N3_9,1,22.430814915664133,0.1506,0,0,22.43,0.0,0.0,24.0,0,3.433,2
62,dynamic_perfect_perception,N3_9,1,22.430814915664133,0.1506,0,0,22.43,0.0,0.0,24.0,0,3.567,2
62,oracle,N3_9,1,22.430814915664133,0.1506,0,0,22.43,0.0,0.0,24.0,0,0.0,0
63,shortest_path,N3_1,0,,1.0,1,0,165.4,0.0,150.0,24.0,0,95.092,603
63,static_risk,N3_1,0,,1.0,1,0,165.4,0.0,150.0,24.0,0,789.671,452
63,dynamic_risk,N3_1,1,41.37163356706081,0.185,0,0,9.37,0.0,0.0,48.0,1,7.361,4
63,dynamic_perfect_perception,N3_1,1,41.370340512666964,0.185,0,0,9.37,0.0,0.0,48.0,0,7.314,4
63,oracle,N3_1,1,41.370340512666964,0.185,0,0,9.37,0.0,0.0,48.0,0,0.0,0
64,shortest_path,N3_3,1,27.467026161239147,0.0196,0,0,0.0,0.0,0.0,36.0,0,0.536,3
64,static_risk,N3_3,1,27.467026161239147,0.0196,0,0,0.0,0.0,0.0,36.0,0,2.379,3
64,dynamic_risk,N3_3,1,27.467026161239147,0.0196,0,0,0.0,0.0,0.0,36.0,0,5.28,3
64,dynamic_perfect_perception,N3_3,1,26.86567164781927,0.0,0,0,0.0,0.0,0.0,36.0,0,6.107,3
64,oracle,N3_3,1,26.86567164781927,0.0,0,0,0.0,0.0,0.0,36.0,0,0.0,0
65,shortest_path,N2_9,1,46.41469361406374,0.3531,0,0,36.51,0.0,0.0,48.0,0,1.001,5
65,static_risk,N2_9,0,,1.0,1,0,93.45,0.79,44.0,60.0,0,279.197,183
65,dynamic_risk,N2_9,1,46.41469361406374,0.3531,0,0,36.51,0.0,0.0,48.0,0,8.471,5
65,dynamic_perfect_perception,N2_9,1,46.41469361406374,0.3531,0,0,36.51,0.0,0.0,48.0,0,6.551,4
65,oracle,N2_9,1,28.686107217609067,0.0607,0,0,0.0,0.0,0.0,36.0,0,0.0,0
66,shortest_path,N0_6,1,8.955223880597014,0.0,0,0,0.0,0.0,0.0,12.0,0,0.178,1
66,static_risk,N0_6,1,8.955223880597014,0.0,0,0,0.0,0.0,0.0,12.0,0,2.393,1
66,dynamic_risk,N0_6,1,8.955223880597014,0.0,0,0,0.0,0.0,0.0,12.0,0,1.709,1
66,dynamic_perfect_perception,N0_6,1,8.955223880597014,0.0,0,0,0.0,0.0,0.0,12.0,0,1.602,1
66,oracle,N0_6,1,8.955223880597014,0.0,0,0,0.0,0.0,0.0,12.0,0,0.0,0
67,shortest_path,N0_6,1,9.559412066157444,0.0201,0,0,0.0,0.0,0.0,12.0,0,0.179,1
67,static_risk,N0_6,1,9.559412066157444,0.0201,0,0,0.0,0.0,0.0,12.0,0,2.153,1
67,dynamic_risk,N0_6,1,9.559412066157444,0.0201,0,0,0.0,0.0,0.0,12.0,0,1.737,1
67,dynamic_perfect_perception,N0_6,1,9.559412066157444,0.0201,0,0,0.0,0.0,0.0,12.0,0,1.631,1
67,oracle,N0_6,1,26.88071019542943,0.0005,0,0,0.0,0.0,0.0,36.0,0,0.0,0
68,shortest_path,N5_1,1,8.955223880597014,0.0,0,0,0.0,0.0,0.0,12.0,0,0.19,1
68,static_risk,N5_1,1,8.955223880597014,0.0,0,0,0.0,0.0,0.0,12.0,0,2.133,1
68,dynamic_risk,N5_1,1,8.955223880597014,0.0,0,0,0.0,0.0,0.0,12.0,0,1.894,1
68,dynamic_perfect_perception,N5_1,1,8.955223880597014,0.0,0,0,0.0,0.0,0.0,12.0,0,1.64,1
68,oracle,N5_1,1,8.955223880597014,0.0,0,0,0.0,0.0,0.0,12.0,0,0.0,0
69,shortest_path,N4_6,1,28.456722672650137,0.053,0,0,0.11,0.0,0.0,36.0,0,0.516,3
69,static_risk,N4_6,1,28.456722672650137,0.053,0,0,0.11,0.0,0.0,36.0,0,2.167,3
69,dynamic_risk,N4_6,1,28.45661782800799,0.053,0,0,0.11,0.0,0.0,36.0,0,5.212,3
69,dynamic_perfect_perception,N4_6,1,26.87384182129427,0.0002,0,0,0.0,0.0,0.0,36.0,0,5.118,3
69,oracle,N4_6,1,35.82089552824734,0.0,0,0,0.0,0.0,0.0,48.0,0,0.0,0
70,shortest_path,N1_0,1,8.955223880597014,0.0,0,0,0.0,0.0,0.0,12.0,0,0.203,1
70,static_risk,N1_0,1,8.955223880597014,0.0,0,0,0.0,0.0,0.0,12.0,0,2.238,1
70,dynamic_risk,N1_0,1,8.955223880597014,0.0,0,0,0.0,0.0,0.0,12.0,0,1.748,1
70,dynamic_perfect_perception,N1_0,1,8.955223880597014,0.0,0,0,0.0,0.0,0.0,12.0,0,1.636,1
70,oracle,N1_0,1,8.955223880597014,0.0,0,0,0.0,0.0,0.0,12.0,0,0.0,0
71,shortest_path,N2_3,1,35.95981713379733,0.0046,0,0,0.0,0.0,0.0,48.0,0,0.692,4
71,static_risk,N2_3,1,35.95981716401673,0.0046,0,0,0.0,0.0,0.0,48.0,0,2.184,4
71,dynamic_risk,N2_3,1,35.95981713379733,0.0046,0,0,0.0,0.0,0.0,48.0,0,10.301,4
71,dynamic_perfect_perception,N2_3,1,35.959817133795404,0.0046,0,0,0.0,0.0,0.0,48.0,0,6.496,4
71,oracle,N2_3,1,35.959817133795404,0.0046,0,0,0.0,0.0,0.0,48.0,0,0.0,0
72,shortest_path,N0_6,1,8.958540628783034,0.0,0,0,0.0,0.0,0.0,12.0,0,0.187,1
72,static_risk,N0_6,1,8.958540628783034,0.0,0,0,0.0,0.0,0.0,12.0,0,2.148,1
72,dynamic_risk,N0_6,1,8.958540628783034,0.0,0,0,0.0,0.0,0.0,12.0,0,1.676,1
72,dynamic_perfect_perception,N0_6,1,8.958540628783034,0.0,0,0,0.0,0.0,0.0,12.0,0,1.627,1
72,oracle,N0_6,1,8.958540628783034,0.0,0,0,0.0,0.0,0.0,12.0,0,0.0,0
73,shortest_path,N2_0,1,31.57651062904707,0.157,0,0,16.82,0.0,0.0,36.0,0,0.879,4
73,static_risk,N2_0,1,31.57651062904707,0.157,0,0,16.82,0.0,0.0,36.0,0,2.22,3
73,dynamic_risk,N2_0,1,31.57651062904707,0.157,0,0,16.82,0.0,0.0,36.0,0,5.652,3
73,dynamic_perfect_perception,N2_0,1,31.57651062904707,0.157,0,0,16.82,0.0,0.0,36.0,0,5.52,3
73,oracle,N2_0,1,31.57651062904707,0.157,0,0,16.82,0.0,0.0,36.0,0,0.0,0
74,shortest_path,N4_2,1,26.865973813264247,0.0,0,0,0.0,0.0,0.0,36.0,0,0.619,3
74,static_risk,N4_2,1,30.579401153434432,0.1238,0,0,12.56,0.0,0.0,36.0,0,2.211,3
74,dynamic_risk,N4_2,1,30.579401153434432,0.1238,0,0,12.56,0.0,0.0,36.0,0,5.324,3
74,dynamic_perfect_perception,N4_2,1,28.060578121143514,0.0398,0,0,0.94,0.0,0.0,36.0,0,5.174,3
74,oracle,N4_2,1,26.865973813264247,0.0,0,0,0.0,0.0,0.0,36.0,0,0.0,0
75,shortest_path,N3_1,0,,1.0,1,0,12.0,9.0,0.0,12.0,0,0.444,2
75,static_risk,N3_1,0,,1.0,1,0,12.0,9.0,0.0,12.0,0,2.262,1
75,dynamic_risk,N3_1,0,,1.0,1,0,12.0,9.0,0.0,12.0,0,1.818,1
75,dynamic_perfect_perception,N3_1,0,,1.0,1,0,12.0,9.0,0.0,12.0,0,1.71,1
75,oracle,N3_1,0,,1.0,0,0,0.0,0.0,0.0,0.0,0,0.0,0
76,shortest_path,N2_6,1,26.865930248243917,0.0,0,0,0.0,0.0,0.0,36.0,0,0.554,3
76,static_risk,N2_6,1,26.866424387514545,0.0,0,0,0.0,0.0,0.0,36.0,0,2.237,3
76,dynamic_risk,N2_6,1,26.866424387514545,0.0,0,0,0.0,0.0,0.0,36.0,0,5.333,3
76,dynamic_perfect_perception,N2_6,1,26.865930248243917,0.0,0,0,0.0,0.0,0.0,36.0,0,4.97,3
76,oracle,N2_6,1,26.865930248243917,0.0,0,0,0.0,0.0,0.0,36.0,0,0.0,0
77,shortest_path,N5_6,1,25.98520189798923,0.2692,0,0,17.99,0.0,0.0,24.0,0,0.318,2
77,static_risk,N5_6,1,26.865671895237927,0.0,0,0,0.0,0.0,0.0,36.0,0,2.215,3
77,dynamic_risk,N5_6,1,26.865671895237927,0.0,0,0,0.0,0.0,0.0,36.0,0,5.331,3
77,dynamic_perfect_perception,N5_6,1,26.865671895237927,0.0,0,0,0.0,0.0,0.0,36.0,0,5.214,3
77,oracle,N5_6,1,26.865671895237927,0.0,0,0,0.0,0.0,0.0,36.0,0,0.0,0
78,shortest_path,N5_7,0,,1.0,1,0,29.09,6.09,14.0,12.0,0,7.937,57
78,static_risk,N5_7,0,,1.0,1,0,29.09,6.09,14.0,12.0,0,75.284,43
78,dynamic_risk,N5_7,0,,1.0,1,0,29.09,6.09,14.0,12.0,0,91.665,32
78,dynamic_perfect_perception,N5_7,1,45.048012494641874,0.6061,0,0,45.05,0.0,0.0,36.0,0,6.348,3
78,oracle,N5_7,1,45.048012494641874,0.6061,0,0,45.05,0.0,0.0,36.0,0,0.0,0
79,shortest_path,N1_2,1,26.878719832502778,0.0,0,0,0.0,0.0,0.0,36.0,0,0.587,3
79,static_risk,N1_2,1,26.87871998229562,0.0,0,0,0.0,0.0,0.0,36.0,0,2.356,3
79,dynamic_risk,N1_2,1,26.878719832502778,0.0,0,0,0.0,0.0,0.0,36.0,0,5.332,3
79,dynamic_perfect_perception,N1_2,1,26.878719832502778,0.0,0,0,0.0,0.0,0.0,36.0,0,5.132,3
79,oracle,N1_2,1,26.878719832502778,0.0,0,0,0.0,0.0,0.0,36.0,0,0.0,0
80,shortest_path,N2_0,1,18.51956677369499,0.0203,0,0,0.0,0.0,0.0,24.0,0,0.429,2
80,static_risk,N2_0,1,18.51956677369499,0.0203,0,0,0.0,0.0,0.0,24.0,0,2.224,2
80,dynamic_risk,N2_0,1,18.51956677369499,0.0203,0,0,0.0,0.0,0.0,24.0,0,3.496,2
80,dynamic_perfect_perception,N2_0,1,18.51956677369499,0.0203,0,0,0.0,0.0,0.0,24.0,0,3.259,2
80,oracle,N2_0,1,18.51956677369499,0.0203,0,0,0.0,0.0,0.0,24.0,0,0.0,0
81,shortest_path,N3_5,1,26.872771979620097,0.0,0,0,0.0,0.0,0.0,36.0,0,0.528,3
81,static_risk,N3_5,1,39.64369908774289,0.4259,0,0,35.64,0.0,0.0,36.0,0,2.236,3
81,dynamic_risk,N3_5,1,39.64369908774289,0.4259,0,0,35.64,0.0,0.0,36.0,0,5.319,3
81,dynamic_perfect_perception,N3_5,1,26.872771979620097,0.0,0,0,0.0,0.0,0.0,36.0,0,5.147,3
81,oracle,N3_5,1,26.872771979620097,0.0,0,0,0.0,0.0,0.0,36.0,0,0.0,0
82,shortest_path,N1_2,1,26.8667519663453,0.0,0,0,0.0,0.0,0.0,36.0,0,0.587,3
82,static_risk,N1_2,1,26.86974959225988,0.0,0,0,0.0,0.0,0.0,36.0,0,2.257,3
82,dynamic_risk,N1_2,1,26.86974959225988,0.0,0,0,0.0,0.0,0.0,36.0,0,5.374,3
82,dynamic_perfect_perception,N1_2,1,26.86571152609888,0.0,0,0,0.0,0.0,0.0,36.0,0,4.994,3
82,oracle,N1_2,1,26.86571152609888,0.0,0,0,0.0,0.0,0.0,36.0,0,0.0,0
83,shortest_path,N3_4,1,17.91044776119403,0.0,0,0,0.0,0.0,0.0,24.0,0,0.37,2
83,static_risk,N3_4,1,17.91044776119403,0.0,0,0,0.0,0.0,0.0,24.0,0,2.222,2
83,dynamic_risk,N3_4,1,17.91044776119403,0.0,0,0,0.0,0.0,0.0,24.0,0,3.501,2
83,dynamic_perfect_perception,N3_4,1,17.91044776119403,0.0,0,0,0.0,0.0,0.0,24.0,0,4.024,2
83,oracle,N3_4,1,17.91044776119403,0.0,0,0,0.0,0.0,0.0,24.0,0,0.0,0
84,shortest_path,N4_9,1,8.965239757818754,0.0,0,0,0.0,0.0,0.0,12.0,0,0.199,1
84,static_risk,N4_9,1,8.965239757818754,0.0,0,0,0.0,0.0,0.0,12.0,0,2.1,1
84,dynamic_risk,N4_9,1,8.965239757818754,0.0,0,0,0.0,0.0,0.0,12.0,0,1.672,1
84,dynamic_perfect_perception,N4_9,1,8.965239757818754,0.0,0,0,0.0,0.0,0.0,12.0,0,1.774,1
84,oracle,N4_9,1,8.965239757818754,0.0,0,0,0.0,0.0,0.0,12.0,0,0.0,0
85,shortest_path,N1_5,1,12.133312105633582,0.1059,0,0,12.13,0.0,0.0,12.0,0,0.171,1
85,static_risk,N1_5,1,12.133312105633582,0.1059,0,0,12.13,0.0,0.0,12.0,0,2.106,1
85,dynamic_risk,N1_5,1,12.133312105633582,0.1059,0,0,12.13,0.0,0.0,12.0,0,1.7,1
85,dynamic_perfect_perception,N1_5,1,12.133312105633582,0.1059,0,0,12.13,0.0,0.0,12.0,0,1.63,1
85,oracle,N1_5,1,44.99451488708562,0.0073,0,0,0.0,0.0,0.0,60.0,0,0.0,0
86,shortest_path,N5_5,1,10.809603631810557,0.0618,0,0,10.81,0.0,0.0,12.0,0,0.155,1
86,static_risk,N5_5,1,10.809603631810557,0.0618,0,0,10.81,0.0,0.0,12.0,0,2.107,1
86,dynamic_risk,N5_5,1,10.809603631810557,0.0618,0,0,10.81,0.0,0.0,12.0,0,1.718,1
86,dynamic_perfect_perception,N5_5,1,10.809603631810557,0.0618,0,0,10.81,0.0,0.0,12.0,0,1.652,1
86,oracle,N5_5,1,10.809603631810557,0.0618,0,0,10.81,0.0,0.0,12.0,0,0.0,0
87,shortest_path,N1_2,1,26.865671641791042,0.0,0,0,0.0,0.0,0.0,36.0,0,0.571,3
87,static_risk,N1_2,1,26.865671641791042,0.0,0,0,0.0,0.0,0.0,36.0,0,2.185,3
87,dynamic_risk,N1_2,1,26.865671641791042,0.0,0,0,0.0,0.0,0.0,36.0,0,5.211,3
87,dynamic_perfect_perception,N1_2,1,26.865671641791042,0.0,0,0,0.0,0.0,0.0,36.0,0,4.838,3
87,oracle,N1_2,1,26.865671641791042,0.0,0,0,0.0,0.0,0.0,36.0,0,0.0,0
88,shortest_path,N2_8,1,26.865671641791042,0.0,0,0,0.0,0.0,0.0,36.0,0,0.637,3
88,static_risk,N2_8,1,26.865671641791042,0.0,0,0,0.0,0.0,0.0,36.0,0,2.191,3
88,dynamic_risk,N2_8,1,26.865671641791042,0.0,0,0,0.0,0.0,0.0,36.0,0,5.338,3
88,dynamic_perfect_perception,N2_8,1,26.865671641791042,0.0,0,0,0.0,0.0,0.0,36.0,0,4.978,3
88,oracle,N2_8,1,26.865671641791042,0.0,0,0,0.0,0.0,0.0,36.0,0,0.0,0
89,shortest_path,N0_7,1,17.928604370229664,0.0,0,0,0.0,0.0,0.0,24.0,0,0.359,2
89,static_risk,N0_7,1,17.928604370229664,0.0,0,0,0.0,0.0,0.0,24.0,0,2.201,2
89,dynamic_risk,N0_7,1,17.928604370229664,0.0,0,0,0.0,0.0,0.0,24.0,0,3.534,2
89,dynamic_perfect_perception,N0_7,1,17.91044776119403,0.0,0,0,0.0,0.0,0.0,24.0,0,3.292,2
89,oracle,N0_7,1,17.91044776119403,0.0,0,0,0.0,0.0,0.0,24.0,0,0.0,0
90,shortest_path,N1_6,0,,1.0,1,0,71.15,1.15,59.0,12.0,0,32.635,237
90,static_risk,N1_6,0,,1.0,1,0,71.15,1.15,59.0,12.0,0,288.384,178
90,dynamic_risk,N1_6,0,,1.0,1,0,71.15,1.15,59.0,12.0,0,386.486,133
90,dynamic_perfect_perception,N1_6,1,19.107218067507993,0.0399,0,0,2.08,0.0,0.0,24.0,0,3.314,2
90,oracle,N1_6,1,53.804938251526664,0.0024,0,0,0.0,0.0,0.0,72.0,0,0.0,0
91,shortest_path,N0_7,1,19.37481336401098,0.0488,0,0,1.18,0.0,0.0,24.0,0,0.37,2
91,static_risk,N0_7,1,19.374703602083116,0.0488,0,0,1.18,0.0,0.0,24.0,0,2.141,2
91,dynamic_risk,N0_7,1,19.374703602083116,0.0488,0,0,1.18,0.0,0.0,24.0,0,3.389,2
91,dynamic_perfect_perception,N0_7,1,19.374703602083116,0.0488,0,0,1.18,0.0,0.0,24.0,0,3.332,2
91,oracle,N0_7,1,19.374703602083116,0.0488,0,0,1.18,0.0,0.0,24.0,0,0.0,0
92,shortest_path,N2_9,1,18.32004330313509,0.0137,0,0,0.0,0.0,0.0,24.0,0,0.425,2
92,static_risk,N2_9,1,18.32004330313509,0.0137,0,0,0.0,0.0,0.0,24.0,0,2.232,2
92,dynamic_risk,N2_9,1,18.32004330313509,0.0137,0,0,0.0,0.0,0.0,24.0,0,3.883,2
92,dynamic_perfect_perception,N2_9,1,18.32004330313509,0.0137,0,0,0.0,0.0,0.0,24.0,0,3.321,2
92,oracle,N2_9,1,18.32004330313509,0.0137,0,0,0.0,0.0,0.0,24.0,0,0.0,0
93,shortest_path,N3_4,1,20.5146504859202,0.7818,0,0,7.95,6.95,0.0,24.0,0,0.364,2
93,static_risk,N3_4,1,20.5146504859202,0.7818,0,0,7.95,6.95,0.0,24.0,0,2.238,2
93,dynamic_risk,N3_4,1,20.5146504859202,0.7818,0,0,7.95,6.95,0.0,24.0,0,3.444,2
93,dynamic_perfect_perception,N3_4,1,20.5146504859202,0.7818,0,0,7.95,6.95,0.0,24.0,0,3.191,2
93,oracle,N3_4,1,35.82320320488887,0.0,0,0,0.0,0.0,0.0,48.0,0,0.0,0
94,shortest_path,N3_7,1,36.24597336468005,0.0135,0,0,0.0,0.0,0.0,48.0,0,0.837,4
94,static_risk,N3_7,1,36.24663165062029,0.0135,0,0,0.0,0.0,0.0,48.0,0,2.208,4
94,dynamic_risk,N3_7,1,36.24663165062029,0.0135,0,0,0.0,0.0,0.0,48.0,0,7.094,4
94,dynamic_perfect_perception,N3_7,1,36.23050630622026,0.0135,0,0,0.0,0.0,0.0,48.0,0,7.096,4
94,oracle,N3_7,1,36.237151444645015,0.0135,0,0,0.0,0.0,0.0,48.0,0,0.0,0
95,shortest_path,N5_2,1,18.28045152703485,0.0123,0,0,0.0,0.0,0.0,24.0,0,0.381,2
95,static_risk,N5_2,1,18.28045152703485,0.0123,0,0,0.0,0.0,0.0,24.0,0,2.338,2
95,dynamic_risk,N5_2,1,18.28045152703485,0.0123,0,0,0.0,0.0,0.0,24.0,0,3.635,2
95,dynamic_perfect_perception,N5_2,1,18.28045152703485,0.0123,0,0,0.0,0.0,0.0,24.0,0,4.388,2
95,oracle,N5_2,1,18.28045152703485,0.0123,0,0,0.0,0.0,0.0,24.0,0,0.0,0
96,shortest_path,N2_6,1,26.86568619860944,0.0,0,0,0.0,0.0,0.0,36.0,0,0.551,3
96,static_risk,N2_6,1,26.879389642753168,0.0,0,0,0.0,0.0,0.0,36.0,0,2.213,3
96,dynamic_risk,N2_6,1,26.879389642753168,0.0,0,0,0.0,0.0,0.0,36.0,0,6.124,3
96,dynamic_perfect_perception,N2_6,1,26.86568619860944,0.0,0,0,0.0,0.0,0.0,36.0,0,4.903,3
96,oracle,N2_6,1,26.86568619860944,0.0,0,0,0.0,0.0,0.0,36.0,0,0.0,0
97,shortest_path,N1_5,1,8.955329252830712,0.0,0,0,0.0,0.0,0.0,12.0,0,0.177,1
97,static_risk,N1_5,1,8.955329252830712,0.0,0,0,0.0,0.0,0.0,12.0,0,2.206,1
97,dynamic_risk,N1_5,1,8.955329252830712,0.0,0,0,0.0,0.0,0.0,12.0,0,1.759,1
97,dynamic_perfect_perception,N1_5,1,8.955329252830712,0.0,0,0,0.0,0.0,0.0,12.0,0,1.65,1
97,oracle,N1_5,1,8.955329252830712,0.0,0,0,0.0,0.0,0.0,12.0,0,0.0,0
98,shortest_path,N2_5,1,17.91044776119403,0.0,0,0,0.0,0.0,0.0,24.0,0,0.436,2
98,static_risk,N2_5,1,17.91044776119403,0.0,0,0,0.0,0.0,0.0,24.0,0,2.26,2
98,dynamic_risk,N2_5,1,17.91044776119403,0.0,0,0,0.0,0.0,0.0,24.0,0,3.651,2
98,dynamic_perfect_perception,N2_5,1,17.91044776119403,0.0,0,0,0.0,0.0,0.0,24.0,0,3.436,2
98,oracle,N2_5,1,17.91044776119403,0.0,0,0,0.0,0.0,0.0,24.0,0,0.0,0
99,shortest_path,N2_8,1,29.42979299137189,0.0848,0,0,11.5,0.0,0.0,36.0,0,0.625,3
99,static_risk,N2_8,1,29.41332634489609,0.0848,0,0,11.5,0.0,0.0,36.0,0,2.299,3
99,dynamic_risk,N2_8,1,29.41332634489609,0.0848,0,0,11.5,0.0,0.0,36.0,0,5.472,3
99,dynamic_perfect_perception,N2_8,1,29.40979160267857,0.0848,0,0,11.5,0.0,0.0,36.0,0,5.27,3
99,oracle,N2_8,1,29.41332634489609,0.0848,0,0,11.5,0.0,0.0,36.0,0,0.0,0
100,shortest_path,N1_2,1,37.36101059400433,0.3498,0,0,36.36,0.0,0.0,36.0,0,0.59,3
100,static_risk,N1_2,1,33.29220306761931,0.2142,0,0,20.71,0.0,0.0,36.0,0,2.296,3
100,dynamic_risk,N1_2,1,37.36302826262953,0.0509,0,0,0.0,0.0,0.0,48.0,1,7.25,4
100,dynamic_perfect_perception,N1_2,1,37.36302826262953,0.0509,0,0,0.0,0.0,0.0,48.0,1,7.087,4
100,oracle,N1_2,1,37.34541108643511,0.0508,0,0,0.0,0.0,0.0,48.0,0,0.0,0
101,shortest_path,N4_0,1,8.96292962997572,0.0,0,0,0.0,0.0,0.0,12.0,0,0.219,1
101,static_risk,N4_0,1,8.96292962997572,0.0,0,0,0.0,0.0,0.0,12.0,0,2.243,1
101,dynamic_risk,N4_0,1,8.96292962997572,0.0,0,0,0.0,0.0,0.0,12.0,0,1.799,1
101,dynamic_perfect_perception,N4_0,1,8.96292962997572,0.0,0,0,0.0,0.0,0.0,12.0,0,1.73,1
101,oracle,N4_0,1,8.96292962997572,0.0,0,0,0.0,0.0,0.0,12.0,0,0.0,0
102,shortest_path,N1_2,0,,1.0,1,0,161.0,0.0,161.0,0.0,0,120.631,805
102,static_risk,N1_2,0,,1.0,1,0,161.0,0.0,161.0,0.0,0,995.173,483
102,dynamic_risk,N1_2,0,,1.0,1,0,161.0,0.0,161.0,0.0,0,1379.661,430
102,dynamic_perfect_perception,N1_2,0,,1.0,1,0,161.0,0.0,161.0,0.0,0,1045.095,322
102,oracle,N1_2,0,,1.0,0,0,0.0,0.0,0.0,0.0,0,0.0,0
103,shortest_path,N4_8,1,19.701119420173217,0.0597,0,0,4.49,0.0,0.0,24.0,0,0.415,2
103,static_risk,N4_8,1,19.701119420173217,0.0597,0,0,4.49,0.0,0.0,24.0,0,2.293,2
103,dynamic_risk,N4_8,1,19.701119420173217,0.0597,0,0,4.49,0.0,0.0,24.0,0,3.614,2
103,dynamic_perfect_perception,N4_8,1,19.701119420173217,0.0597,0,0,4.49,0.0,0.0,24.0,0,3.427,2
103,oracle,N4_8,1,44.776119402985074,0.0,0,0,0.0,0.0,0.0,60.0,0,0.0,0
104,shortest_path,N0_2,1,18.157533383694556,0.0082,0,0,0.0,0.0,0.0,24.0,0,0.368,2
104,static_risk,N0_2,1,18.157533383694556,0.0082,0,0,0.0,0.0,0.0,24.0,0,2.235,2
104,dynamic_risk,N0_2,1,18.157533383694556,0.0082,0,0,0.0,0.0,0.0,24.0,0,3.59,2
104,dynamic_perfect_perception,N0_2,1,18.157533383694556,0.0082,0,0,0.0,0.0,0.0,24.0,0,3.339,2
104,oracle,N0_2,1,26.866430375690957,0.0,0,0,0.0,0.0,0.0,36.0,0,0.0,0
105,shortest_path,N4_0,1,8.963543695782958,0.0,0,0,0.0,0.0,0.0,12.0,0,0.211,1
105,static_risk,N4_0,1,8.963543695782958,0.0,0,0,0.0,0.0,0.0,12.0,0,2.204,1
105,dynamic_risk,N4_0,1,8.963543695782958,0.0,0,0,0.0,0.0,0.0,12.0,0,1.829,1
105,dynamic_perfect_perception,N4_0,1,8.963543695782958,0.0,0,0,0.0,0.0,0.0,12.0,0,1.708,1
105,oracle,N4_0,1,8.963543695782958,0.0,0,0,0.0,0.0,0.0,12.0,0,0.0,0
106,shortest_path,N4_8,0,,1.0,1,0,58.13,2.9,0.0,48.0,3,1.681,8
106,static_risk,N4_8,0,,1.0,1,0,58.13,2.9,0.0,48.0,3,8.356,6
106,dynamic_risk,N4_8,1,61.118337663414636,0.7348,0,0,53.12,1.9,0.0,60.0,1,12.148,6
106,dynamic_perfect_perception,N4_8,1,61.118337663414636,0.7348,0,0,53.12,1.9,0.0,60.0,0,10.422,5
106,oracle,N4_8,1,61.118337663414636,0.7348,0,0,53.12,1.9,0.0,60.0,0,0.0,0
107,shortest_path,N1_8,0,,1.0,1,0,12.0,9.0,0.0,12.0,0,0.22,1
107,static_risk,N1_8,0,,1.0,1,0,12.0,9.0,0.0,12.0,0,2.254,1
107,dynamic_risk,N1_8,0,,1.0,1,0,12.0,9.0,0.0,12.0,0,1.774,1
107,dynamic_perfect_perception,N1_8,0,,1.0,1,0,12.0,9.0,0.0,12.0,0,1.736,1
107,oracle,N1_8,0,,1.0,0,0,0.0,0.0,0.0,0.0,0,0.0,0
108,shortest_path,N1_1,1,17.910447761194156,0.0,0,0,0.0,0.0,0.0,24.0,0,0.397,2
108,static_risk,N1_1,1,17.910447761194156,0.0,0,0,0.0,0.0,0.0,24.0,0,2.29,2
108,dynamic_risk,N1_1,1,17.910447761194156,0.0,0,0,0.0,0.0,0.0,24.0,0,3.556,2
108,dynamic_perfect_perception,N1_1,1,17.910447761194156,0.0,0,0,0.0,0.0,0.0,24.0,0,3.421,2
108,oracle,N1_1,1,17.910447761194156,0.0,0,0,0.0,0.0,0.0,24.0,0,0.0,0
109,shortest_path,N2_0,1,17.91044776119403,0.0,0,0,0.0,0.0,0.0,24.0,0,0.44,2
109,static_risk,N2_0,1,17.91044776119403,0.0,0,0,0.0,0.0,0.0,24.0,0,2.273,2
109,dynamic_risk,N2_0,1,17.91044776119403,0.0,0,0,0.0,0.0,0.0,24.0,0,3.546,2
109,dynamic_perfect_perception,N2_0,1,17.91044776119403,0.0,0,0,0.0,0.0,0.0,24.0,0,3.478,2
109,oracle,N2_0,1,17.91044776119403,0.0,0,0,0.0,0.0,0.0,24.0,0,0.0,0
110,shortest_path,N2_7,1,36.411951198591055,0.0192,0,0,0.0,0.0,0.0,48.0,0,0.772,4
110,static_risk,N2_7,1,36.39720419836726,0.0192,0,0,0.0,0.0,0.0,48.0,0,2.257,4
110,dynamic_risk,N2_7,1,36.408655069200435,0.0192,0,0,0.0,0.0,0.0,48.0,1,7.164,4
110,dynamic_perfect_perception,N2_7,1,36.39720419836726,0.0192,0,0,0.0,0.0,0.0,48.0,0,6.75,4
110,oracle,N2_7,1,36.39720419836726,0.0192,0,0,0.0,0.0,0.0,48.0,0,0.0,0
111,shortest_path,N5_7,1,17.91044779524722,0.0,0,0,0.0,0.0,0.0,24.0,0,0.367,2
111,static_risk,N5_7,1,17.91044779524722,0.0,0,0,0.0,0.0,0.0,24.0,0,2.196,2
111,dynamic_risk,N5_7,1,17.91044779524722,0.0,0,0,0.0,0.0,0.0,24.0,0,3.688,2
111,dynamic_perfect_perception,N5_7,1,17.91044779524722,0.0,0,0,0.0,0.0,0.0,24.0,0,3.302,2
111,oracle,N5_7,1,17.91044779524722,0.0,0,0,0.0,0.0,0.0,24.0,0,0.0,0
112,shortest_path,N3_3,1,31.72652904568514,0.1618,0,0,17.11,0.0,0.0,36.0,0,0.564,3
112,static_risk,N3_3,1,29.337084538288067,0.0818,0,0,11.42,0.0,0.0,36.0,0,2.413,3
112,dynamic_risk,N3_3,1,29.337084538288067,0.0818,0,0,11.42,0.0,0.0,36.0,0,5.496,3
112,dynamic_perfect_perception,N3_3,1,29.337084538288067,0.0818,0,0,11.42,0.0,0.0,36.0,0,5.154,3
112,oracle,N3_3,1,44.78666278586337,0.0,0,0,0.0,0.0,0.0,60.0,0,0.0,0
113,shortest_path,N0_2,1,17.91044776119403,0.0,0,0,0.0,0.0,0.0,24.0,0,0.373,2
113,static_risk,N0_2,1,17.91044776119403,0.0,0,0,0.0,0.0,0.0,24.0,0,2.191,2
113,dynamic_risk,N0_2,1,17.91044776119403,0.0,0,0,0.0,0.0,0.0,24.0,0,3.58,2
113,dynamic_perfect_perception,N0_2,1,17.91044776119403,0.0,0,0,0.0,0.0,0.0,24.0,0,3.389,2
113,oracle,N0_2,1,17.91044776119403,0.0,0,0,0.0,0.0,0.0,24.0,0,0.0,0
114,shortest_path,N1_8,0,,1.0,1,0,105.0,0.0,105.0,0.0,0,85.987,525
114,static_risk,N1_8,0,,1.0,1,0,105.0,0.0,105.0,0.0,0,1076.352,420
114,dynamic_risk,N1_8,0,,1.0,1,0,105.0,0.0,105.0,0.0,0,910.246,280
114,dynamic_perfect_perception,N1_8,0,,1.0,1,0,105.0,0.0,105.0,0.0,0,684.549,210
114,oracle,N1_8,0,,1.0,0,0,0.0,0.0,0.0,0.0,0,0.0,0
115,shortest_path,N2_1,1,27.199873812334673,0.0111,0,0,0.0,0.0,0.0,36.0,0,0.619,3
115,static_risk,N2_1,1,27.199873812334673,0.0111,0,0,0.0,0.0,0.0,36.0,0,2.335,3
115,dynamic_risk,N2_1,1,31.352117448882453,0.3413,0,0,15.18,1.92,0.0,36.0,0,5.494,3
115,dynamic_perfect_perception,N2_1,1,27.199873812334673,0.0111,0,0,0.0,0.0,0.0,36.0,0,5.17,3
115,oracle,N2_1,1,53.94844170080946,0.0072,0,0,0.0,0.0,0.0,72.0,0,0.0,0
116,shortest_path,N5_7,1,27.34177443163074,0.0159,0,0,0.0,0.0,0.0,36.0,0,0.709,4
116,static_risk,N5_7,1,27.34177443163074,0.0159,0,0,0.0,0.0,0.0,36.0,0,2.304,3
116,dynamic_risk,N5_7,1,27.34177443163074,0.0159,0,0,0.0,0.0,0.0,36.0,0,5.523,3
116,dynamic_perfect_perception,N5_7,1,27.34177443163074,0.0159,0,0,0.0,0.0,0.0,36.0,0,5.591,3
116,oracle,N5_7,1,45.25205117410304,0.0159,0,0,0.0,0.0,0.0,60.0,0,0.0,0
117,shortest_path,N1_8,0,,1.0,1,0,32.0,7.57,0.0,72.0,5,2.783,13
117,static_risk,N1_8,0,,1.0,1,0,32.0,7.57,0.0,72.0,5,10.997,9
117,dynamic_risk,N1_8,1,46.830982689140846,0.7254,0,0,5.57,6.57,0.0,60.0,1,11.855,6
117,dynamic_perfect_perception,N1_8,1,46.830982689140846,0.7254,0,0,5.57,6.57,0.0,60.0,1,10.549,5
117,oracle,N1_8,1,64.73489846699148,0.7247,0,0,5.56,6.56,0.0,84.0,0,0.0,0
118,shortest_path,N4_8,1,19.804457975514616,0.0626,0,0,7.83,0.0,0.0,24.0,0,0.42,2
118,static_risk,N4_8,1,19.804457975514616,0.0626,0,0,7.83,0.0,0.0,24.0,0,2.29,2
118,dynamic_risk,N4_8,1,19.804457975514616,0.0626,0,0,7.83,0.0,0.0,24.0,0,3.672,2
118,dynamic_perfect_perception,N4_8,1,19.78930697419312,0.0626,0,0,7.83,0.0,0.0,24.0,0,3.507,2
118,oracle,N4_8,1,19.78930697419312,0.0626,0,0,7.83,0.0,0.0,24.0,0,0.0,0
119,shortest_path,N2_1,1,28.825209332629264,0.0653,0,0,0.0,0.0,0.0,36.0,0,0.629,3
119,static_risk,N2_1,1,28.825209332629264,0.0653,0,0,0.0,0.0,0.0,36.0,0,2.272,3
119,dynamic_risk,N2_1,1,28.825209332629264,0.0653,0,0,0.0,0.0,0.0,36.0,0,5.399,3
119,dynamic_perfect_perception,N2_1,1,28.825209332629264,0.0653,0,0,0.0,0.0,0.0,36.0,0,5.638,3
119,oracle,N2_1,1,35.82095727075744,0.0,0,0,0.0,0.0,0.0,48.0,0,0.0,0
120,shortest_path,N3_5,0,,1.0,1,0,79.77,0.77,66.0,12.0,0,49.905,331
120,static_risk,N3_5,1,39.3433077573094,0.4159,0,0,39.34,0.0,0.0,36.0,0,2.302,3
120,dynamic_risk,N3_5,1,39.3433077573094,0.4159,0,0,39.34,0.0,0.0,36.0,0,5.809,3
120,dynamic_perfect_perception,N3_5,1,39.34126400661197,0.4159,0,0,39.34,0.0,0.0,36.0,0,6.483,3
120,oracle,N3_5,1,39.34126400661197,0.4159,0,0,39.34,0.0,0.0,36.0,0,0.0,0
121,shortest_path,N0_7,1,22.04789117180983,0.1379,0,0,12.77,0.0,0.0,24.0,0,0.379,2
121,static_risk,N0_7,1,17.924597332281902,0.0,0,0,0.0,0.0,0.0,24.0,0,2.5,2
121,dynamic_risk,N0_7,1,17.924597332281902,0.0,0,0,0.0,0.0,0.0,24.0,0,3.629,2
121,dynamic_perfect_perception,N0_7,1,17.924597332281902,0.0,0,0,0.0,0.0,0.0,24.0,0,3.523,2
121,oracle,N0_7,1,17.924597332281902,0.0,0,0,0.0,0.0,0.0,24.0,0,0.0,0
122,shortest_path,N3_5,1,31.0437595155805,0.1393,0,0,11.08,0.0,0.0,36.0,0,0.543,3
122,static_risk,N3_5,1,26.890503924411654,0.0008,0,0,0.0,0.0,0.0,36.0,0,2.265,3
122,dynamic_risk,N3_5,1,26.890503924411654,0.0008,0,0,0.0,0.0,0.0,36.0,0,5.409,3
122,dynamic_perfect_perception,N3_5,1,26.890503924411654,0.0008,0,0,0.0,0.0,0.0,36.0,0,5.086,3
122,oracle,N3_5,1,26.890503924411654,0.0008,0,0,0.0,0.0,0.0,36.0,0,0.0,0
123,shortest_path,N0_4,1,9.012837249269001,0.0015,0,0,0.0,0.0,0.0,12.0,0,0.222,1
123,static_risk,N0_4,1,9.012837249269001,0.0015,0,0,0.0,0.0,0.0,12.0,0,2.283,1
123,dynamic_risk,N0_4,1,9.012837249269001,0.0015,0,0,0.0,0.0,0.0,12.0,0,1.708,1
123,dynamic_perfect_perception,N0_4,1,9.012837249269001,0.0015,0,0,0.0,0.0,0.0,12.0,0,1.941,1
123,oracle,N0_4,1,35.82837305913931,0.0,0,0,0.0,0.0,0.0,48.0,0,0.0,0
124,shortest_path,N2_0,0,,1.0,1,0,12.0,9.0,0.0,12.0,0,0.221,1
124,static_risk,N2_0,0,,1.0,1,0,12.0,9.0,0.0,12.0,0,2.134,1
124,dynamic_risk,N2_0,0,,1.0,1,0,12.0,9.0,0.0,12.0,0,1.694,1
124,dynamic_perfect_perception,N2_0,0,,1.0,1,0,12.0,9.0,0.0,12.0,0,1.646,1
124,oracle,N2_0,0,,1.0,0,0,0.0,0.0,0.0,0.0,0,0.0,0
125,shortest_path,N1_8,1,17.910452174559452,0.0,0,0,0.0,0.0,0.0,24.0,0,0.424,2
125,static_risk,N1_8,1,17.910452174559452,0.0,0,0,0.0,0.0,0.0,24.0,0,2.116,2
125,dynamic_risk,N1_8,1,17.910452174559452,0.0,0,0,0.0,0.0,0.0,24.0,0,3.484,2
125,dynamic_perfect_perception,N1_8,1,17.91044776119403,0.0,0,0,0.0,0.0,0.0,24.0,0,3.324,2
125,oracle,N1_8,1,17.91044776119403,0.0,0,0,0.0,0.0,0.0,24.0,0,0.0,0
126,shortest_path,N3_9,1,17.911057487497906,0.0,0,0,0.0,0.0,0.0,24.0,0,0.421,2
126,static_risk,N3_9,1,17.911057487497906,0.0,0,0,0.0,0.0,0.0,24.0,0,2.237,2
126,dynamic_risk,N3_9,1,17.911057487497906,0.0,0,0,0.0,0.0,0.0,24.0,0,3.679,2
126,dynamic_perfect_perception,N3_9,1,17.911057487497906,0.0,0,0,0.0,0.0,0.0,24.0,0,3.458,2
126,oracle,N3_9,1,17.911057487497906,0.0,0,0,0.0,0.0,0.0,24.0,0,0.0,0
127,shortest_path,N0_3,1,17.91514101418092,0.0,0,0,0.0,0.0,0.0,24.0,0,0.327,2
127,static_risk,N0_3,1,17.91514101418092,0.0,0,0,0.0,0.0,0.0,24.0,0,2.14,2
127,dynamic_risk,N0_3,1,17.91514101418092,0.0,0,0,0.0,0.0,0.0,24.0,0,3.414,2
127,dynamic_perfect_perception,N0_3,1,17.91514101418092,0.0,0,0,0.0,0.0,0.0,24.0,0,3.239,2
127,oracle,N0_3,1,17.91514101418092,0.0,0,0,0.0,0.0,0.0,24.0,0,0.0,0
128,shortest_path,N1_8,1,17.91366485650362,0.0,0,0,0.0,0.0,0.0,24.0,0,0.403,2
128,static_risk,N1_8,1,17.91366485650362,0.0,0,0,0.0,0.0,0.0,24.0,0,2.218,2
128,dynamic_risk,N1_8,1,17.91366485650362,0.0,0,0,0.0,0.0,0.0,24.0,0,3.536,2
128,dynamic_perfect_perception,N1_8,1,17.91366485650362,0.0,0,0,0.0,0.0,0.0,24.0,0,3.346,2
128,oracle,N1_8,1,17.91366485650362,0.0,0,0,0.0,0.0,0.0,24.0,0,0.0,0
129,shortest_path,N4_0,1,14.294315624816589,0.178,0,0,14.29,0.0,0.0,12.0,0,0.217,1
129,static_risk,N4_0,1,14.294315624816589,0.178,0,0,14.29,0.0,0.0,12.0,0,2.208,1
129,dynamic_risk,N4_0,1,14.294315624816589,0.178,0,0,14.29,0.0,0.0,12.0,0,1.789,1
129,dynamic_perfect_perception,N4_0,1,14.294315624816589,0.178,0,0,14.29,0.0,0.0,12.0,0,1.781,1
129,oracle,N4_0,1,14.294315624816589,0.178,0,0,14.29,0.0,0.0,12.0,0,0.0,0
130,shortest_path,N3_6,1,49.52463512942058,0.3233,0,0,49.52,0.0,0.0,48.0,0,0.74,4
130,static_risk,N3_6,1,44.47819241501385,0.2886,0,0,44.48,0.0,0.0,48.0,0,2.263,4
130,dynamic_risk,N3_6,1,44.47819241501385,0.2886,0,0,44.48,0.0,0.0,48.0,0,8.03,4
130,dynamic_perfect_perception,N3_6,1,44.47819241501385,0.2886,0,0,44.48,0.0,0.0,48.0,0,7.235,4
130,oracle,N3_6,1,44.47819241501385,0.2886,0,0,44.48,0.0,0.0,48.0,0,0.0,0
131,shortest_path,N2_3,1,35.83752851945284,0.0002,0,0,0.0,0.0,0.0,48.0,0,0.7,4
131,static_risk,N2_3,1,35.82985744811059,0.0,0,0,0.0,0.0,0.0,48.0,0,2.386,4
131,dynamic_risk,N2_3,1,35.82985744811059,0.0,0,0,0.0,0.0,0.0,48.0,0,7.192,4
131,dynamic_perfect_perception,N2_3,1,35.82089552274418,0.0,0,0,0.0,0.0,0.0,48.0,0,6.63,4
131,oracle,N2_3,1,35.82089552274418,0.0,0,0,0.0,0.0,0.0,48.0,0,0.0,0
132,shortest_path,N2_9,1,45.421524172965,0.618,0,0,45.42,0.0,0.0,36.0,0,0.869,4
132,static_risk,N2_9,1,45.421524172965,0.618,0,0,45.42,0.0,0.0,36.0,0,2.239,3
132,dynamic_risk,N2_9,1,45.421524172965,0.618,0,0,45.42,0.0,0.0,36.0,0,6.157,3
132,dynamic_perfect_perception,N2_9,1,45.421524172965,0.618,0,0,45.42,0.0,0.0,36.0,0,6.575,3
132,oracle,N2_9,1,45.421524172965,0.618,0,0,45.42,0.0,0.0,36.0,0,0.0,0
133,shortest_path,N3_4,0,,1.0,1,0,12.0,9.0,0.0,12.0,0,0.194,1
133,static_risk,N3_4,0,,1.0,1,0,12.0,9.0,0.0,12.0,0,2.202,1
133,dynamic_risk,N3_4,0,,1.0,1,0,12.0,9.0,0.0,12.0,0,1.738,1
133,dynamic_perfect_perception,N3_4,0,,1.0,1,0,12.0,9.0,0.0,12.0,0,1.697,1
133,oracle,N3_4,0,,1.0,0,0,0.0,0.0,0.0,0.0,0,0.0,0
134,shortest_path,N3_3,1,68.61465265078583,0.9671,0,0,68.61,1.73,0.0,60.0,1,1.23,7
134,static_risk,N3_3,1,68.63163492832918,0.969,0,0,68.63,1.74,0.0,60.0,0,2.179,5
134,dynamic_risk,N3_3,1,68.6315503510532,0.969,0,0,68.63,1.74,0.0,60.0,0,10.197,5
134,dynamic_perfect_perception,N3_3,1,68.61465265078583,0.9671,0,0,68.61,1.73,0.0,60.0,1,10.292,5
134,oracle,N3_3,1,68.61465265078583,0.9671,0,0,68.61,1.73,0.0,60.0,0,0.0,0
135,shortest_path,N4_5,1,21.065638386546116,0.3082,0,0,10.03,2.03,0.0,24.0,0,0.458,3
135,static_risk,N4_5,1,21.065638386546116,0.3082,0,0,10.03,2.03,0.0,24.0,0,2.186,2
135,dynamic_risk,N4_5,1,21.065638386546116,0.3082,0,0,10.03,2.03,0.0,24.0,0,3.399,2
135,dynamic_perfect_perception,N4_5,1,21.065638386546116,0.3082,0,0,10.03,2.03,0.0,24.0,0,3.197,2
135,oracle,N4_5,1,46.54213429059346,0.0589,0,0,0.0,0.0,0.0,60.0,0,0.0,0
136,shortest_path,N3_9,1,18.236607924922716,0.0109,0,0,0.0,0.0,0.0,24.0,0,0.473,2
136,static_risk,N3_9,1,18.236607924922716,0.0109,0,0,0.0,0.0,0.0,24.0,0,2.14,2
136,dynamic_risk,N3_9,1,18.236607924922716,0.0109,0,0,0.0,0.0,0.0,24.0,0,3.359,2
136,dynamic_perfect_perception,N3_9,1,18.236607924922716,0.0109,0,0,0.0,0.0,0.0,24.0,0,3.152,2
136,oracle,N3_9,1,27.191737318147347,0.0109,0,0,0.0,0.0,0.0,36.0,0,0.0,0
137,shortest_path,N0_6,0,,1.0,1,0,98.0,0.0,98.0,0.0,0,53.273,392
137,static_risk,N0_6,0,,1.0,1,0,98.0,0.0,98.0,0.0,0,471.449,294
137,dynamic_risk,N0_6,0,,1.0,1,0,98.0,0.0,98.0,0.0,0,624.616,199
137,dynamic_perfect_perception,N0_6,0,,1.0,1,0,98.0,0.0,98.0,0.0,0,621.247,196
137,oracle,N0_6,0,,1.0,0,0,0.0,0.0,0.0,0.0,0,0.0,0
138,shortest_path,N1_5,1,11.661284154509712,0.8563,0,0,11.66,7.66,0.0,12.0,0,0.19,1
138,static_risk,N1_5,1,11.661284154509712,0.8563,0,0,11.66,7.66,0.0,12.0,0,2.182,1
138,dynamic_risk,N1_5,1,11.661284154509712,0.8563,0,0,11.66,7.66,0.0,12.0,0,1.736,1
138,dynamic_perfect_perception,N1_5,1,11.661284154509712,0.8563,0,0,11.66,7.66,0.0,12.0,0,1.603,1
138,oracle,N1_5,1,11.661284154509712,0.8563,0,0,11.66,7.66,0.0,12.0,0,0.0,0
139,shortest_path,N0_1,1,10.234837813834657,0.0427,0,0,3.23,0.0,0.0,12.0,0,0.183,1
139,static_risk,N0_1,1,10.234837813834657,0.0427,0,0,3.23,0.0,0.0,12.0,0,2.17,1
139,dynamic_risk,N0_1,1,10.234837813834657,0.0427,0,0,3.23,0.0,0.0,12.0,0,1.649,1
139,dynamic_perfect_perception,N0_1,1,10.234837813834657,0.0427,0,0,3.23,0.0,0.0,12.0,0,1.646,1
139,oracle,N0_1,1,10.234837813834657,0.0427,0,0,3.23,0.0,0.0,12.0,0,0.0,0
140,shortest_path,N5_3,1,8.955223880597014,0.0,0,0,0.0,0.0,0.0,12.0,0,0.177,1
140,static_risk,N5_3,1,8.955223880597014,0.0,0,0,0.0,0.0,0.0,12.0,0,2.041,1
140,dynamic_risk,N5_3,1,8.955223880597014,0.0,0,0,0.0,0.0,0.0,12.0,0,1.721,1
140,dynamic_perfect_perception,N5_3,1,8.955223880597014,0.0,0,0,0.0,0.0,0.0,12.0,0,1.55,1
140,oracle,N5_3,1,8.955223880597014,0.0,0,0,0.0,0.0,0.0,12.0,0,0.0,0
141,shortest_path,N3_6,0,,1.0,1,0,21.17,8.0,0.0,36.0,0,0.712,4
141,static_risk,N3_6,1,35.82089552238806,0.0,0,0,0.0,0.0,0.0,48.0,0,2.133,4
141,dynamic_risk,N3_6,1,35.82089552238806,0.0,0,0,0.0,0.0,0.0,48.0,0,7.092,4
141,dynamic_perfect_perception,N3_6,1,35.82089552238806,0.0,0,0,0.0,0.0,0.0,48.0,0,7.008,4
141,oracle,N3_6,1,35.82089552238806,0.0,0,0,0.0,0.0,0.0,48.0,0,0.0,0
142,shortest_path,N4_0,1,8.955223880597014,0.0,0,0,0.0,0.0,0.0,12.0,0,0.205,1
142,static_risk,N4_0,1,8.955223880597014,0.0,0,0,0.0,0.0,0.0,12.0,0,2.279,1
142,dynamic_risk,N4_0,1,8.955223880597014,0.0,0,0,0.0,0.0,0.0,12.0,0,1.7,1
142,dynamic_perfect_perception,N4_0,1,8.955223880597014,0.0,0,0,0.0,0.0,0.0,12.0,0,1.611,1
142,oracle,N4_0,1,8.955223880597014,0.0,0,0,0.0,0.0,0.0,12.0,0,0.0,0
143,shortest_path,N1_4,1,21.47690217834857,0.1189,0,0,12.48,0.0,0.0,24.0,0,0.319,2
143,static_risk,N1_4,1,21.47690217834857,0.1189,0,0,12.48,0.0,0.0,24.0,0,2.3,2
143,dynamic_risk,N1_4,1,21.47690217834857,0.1189,0,0,12.48,0.0,0.0,24.0,0,3.375,2
143,dynamic_perfect_perception,N1_4,1,17.91044776119403,0.0,0,0,0.0,0.0,0.0,24.0,0,3.282,2
143,oracle,N1_4,1,17.91044776119403,0.0,0,0,0.0,0.0,0.0,24.0,0,0.0,0
144,shortest_path,N3_1,1,32.10502571759556,0.1745,0,0,18.32,0.0,0.0,36.0,0,0.621,3
144,static_risk,N3_1,1,32.10502571759556,0.1745,0,0,18.32,0.0,0.0,36.0,0,2.203,3
144,dynamic_risk,N3_1,1,30.3505776102179,0.1162,0,0,7.75,0.0,0.0,36.0,0,5.908,3
144,dynamic_perfect_perception,N3_1,1,30.3505776102179,0.1162,0,0,7.75,0.0,0.0,36.0,0,6.311,3
144,oracle,N3_1,1,30.3505776102179,0.1162,0,0,7.75,0.0,0.0,36.0,0,0.0,0
145,shortest_path,N5_2,1,17.91044776119403,0.0,0,0,0.0,0.0,0.0,24.0,0,0.369,2
145,static_risk,N5_2,1,17.91044776119403,0.0,0,0,0.0,0.0,0.0,24.0,0,2.114,2
145,dynamic_risk,N5_2,1,17.91044776119403,0.0,0,0,0.0,0.0,0.0,24.0,0,3.518,2
145,dynamic_perfect_perception,N5_2,1,17.91044776119403,0.0,0,0,0.0,0.0,0.0,24.0,0,3.214,2
145,oracle,N5_2,1,17.91044776119403,0.0,0,0,0.0,0.0,0.0,24.0,0,0.0,0
146,shortest_path,N1_1,1,17.91044776119403,0.0,0,0,0.0,0.0,0.0,24.0,0,0.379,2
146,static_risk,N1_1,1,17.923147763561506,0.0,0,0,0.0,0.0,0.0,24.0,0,2.211,2
146,dynamic_risk,N1_1,1,17.923147763561506,0.0,0,0,0.0,0.0,0.0,24.0,0,3.49,2
146,dynamic_perfect_perception,N1_1,1,17.91044776119403,0.0,0,0,0.0,0.0,0.0,24.0,0,3.344,2
146,oracle,N1_1,1,17.91044776119403,0.0,0,0,0.0,0.0,0.0,24.0,0,0.0,0
147,shortest_path,N4_1,1,29.243169263135226,0.7359,0,0,29.24,3.58,0.0,24.0,0,0.404,2
147,static_risk,N4_1,1,29.243515709473133,0.7359,0,0,29.24,3.58,0.0,24.0,0,2.177,2
147,dynamic_risk,N4_1,1,29.243515709473133,0.7359,0,0,29.24,3.58,0.0,24.0,0,3.642,2
147,dynamic_perfect_perception,N4_1,1,29.243169263135226,0.7359,0,0,29.24,3.58,0.0,24.0,0,3.713,2
147,oracle,N4_1,1,29.243169263135226,0.7359,0,0,29.24,3.58,0.0,24.0,0,0.0,0
148,shortest_path,N2_8,1,28.219572990374864,0.0449,0,0,0.06,0.0,0.0,36.0,0,0.802,4
148,static_risk,N2_8,1,28.219572990374864,0.0449,0,0,0.06,0.0,0.0,36.0,0,2.243,3
148,dynamic_risk,N2_8,1,28.219572990374864,0.0449,0,0,0.06,0.0,0.0,36.0,0,5.261,3
148,dynamic_perfect_perception,N2_8,1,28.219572990374864,0.0449,0,0,0.06,0.0,0.0,36.0,0,5.095,3
148,oracle,N2_8,1,35.82157003012232,0.0,0,0,0.0,0.0,0.0,48.0,0,0.0,0
149,shortest_path,N0_6,1,9.035553538351442,0.0021,0,0,0.0,0.0,0.0,12.0,0,0.177,1
149,static_risk,N0_6,1,9.035553538351442,0.0021,0,0,0.0,0.0,0.0,12.0,0,2.145,1
149,dynamic_risk,N0_6,1,9.035553538351442,0.0021,0,0,0.0,0.0,0.0,12.0,0,1.684,1
149,dynamic_perfect_perception,N0_6,1,9.035553538351442,0.0021,0,0,0.0,0.0,0.0,12.0,0,1.72,1
149,oracle,N0_6,1,26.866729444222727,0.0,0,0,0.0,0.0,0.0,36.0,0,0.0,0
150,shortest_path,N5_7,1,17.910447761194238,0.0,0,0,0.0,0.0,0.0,24.0,0,0.354,2
150,static_risk,N5_7,1,17.910447761194238,0.0,0,0,0.0,0.0,0.0,24.0,0,2.103,2
150,dynamic_risk,N5_7,1,17.910447761194238,0.0,0,0,0.0,0.0,0.0,24.0,0,3.428,2
150,dynamic_perfect_perception,N5_7,1,17.910447761194238,0.0,0,0,0.0,0.0,0.0,24.0,0,3.252,2
150,oracle,N5_7,1,17.910447761194238,0.0,0,0,0.0,0.0,0.0,24.0,0,0.0,0
151,shortest_path,N4_8,1,19.6066909691722,0.0565,0,0,0.0,0.0,0.0,24.0,0,0.392,2
151,static_risk,N4_8,1,19.6066909691722,0.0565,0,0,0.0,0.0,0.0,24.0,0,2.197,2
151,dynamic_risk,N4_8,1,19.6066909691722,0.0565,0,0,0.0,0.0,0.0,24.0,0,3.433,2
151,dynamic_perfect_perception,N4_8,1,19.6066909691722,0.0565,0,0,0.0,0.0,0.0,24.0,0,3.253,2
151,oracle,N4_8,1,19.6066909691722,0.0565,0,0,0.0,0.0,0.0,24.0,0,0.0,0
152,shortest_path,N5_2,1,18.026437981298105,0.0039,0,0,0.0,0.0,0.0,24.0,0,0.46,2
152,static_risk,N5_2,1,18.026437981298105,0.0039,0,0,0.0,0.0,0.0,24.0,0,2.259,2
152,dynamic_risk,N5_2,1,18.026437981298105,0.0039,0,0,0.0,0.0,0.0,24.0,0,3.523,2
152,dynamic_perfect_perception,N5_2,1,18.026435071001043,0.0039,0,0,0.0,0.0,0.0,24.0,0,3.25,2
152,oracle,N5_2,1,18.026435071001043,0.0039,0,0,0.0,0.0,0.0,24.0,0,0.0,0
153,shortest_path,N3_4,1,27.490398631640005,0.3193,0,0,27.49,0.0,0.0,24.0,0,0.361,2
153,static_risk,N3_4,1,27.490398631640005,0.3193,0,0,27.49,0.0,0.0,24.0,0,2.954,2
153,dynamic_risk,N3_4,1,27.490398631640005,0.3193,0,0,27.49,0.0,0.0,24.0,0,3.584,2
153,dynamic_perfect_perception,N3_4,1,27.490398631640005,0.3193,0,0,27.49,0.0,0.0,24.0,0,3.714,2
153,oracle,N3_4,1,27.490398631640005,0.3193,0,0,27.49,0.0,0.0,24.0,0,0.0,0
154,shortest_path,N1_6,1,18.53659483869294,0.0206,0,0,0.0,0.0,0.0,24.0,0,0.365,2
154,static_risk,N1_6,1,18.53659483869294,0.0206,0,0,0.0,0.0,0.0,24.0,0,2.232,2
154,dynamic_risk,N1_6,1,18.53659483869294,0.0206,0,0,0.0,0.0,0.0,24.0,0,3.713,2
154,dynamic_perfect_perception,N1_6,1,18.52858012859863,0.0206,0,0,0.0,0.0,0.0,24.0,0,3.268,2
154,oracle,N1_6,1,18.52858012859863,0.0206,0,0,0.0,0.0,0.0,24.0,0,0.0,0
155,shortest_path,N4_0,1,10.317433116277698,0.0452,0,0,3.32,0.0,0.0,12.0,0,0.217,1
155,static_risk,N4_0,1,10.317433116277698,0.0452,0,0,3.32,0.0,0.0,12.0,0,2.263,1
155,dynamic_risk,N4_0,1,10.317433116277698,0.0452,0,0,3.32,0.0,0.0,12.0,0,1.712,1
155,dynamic_perfect_perception,N4_0,1,10.317433116277698,0.0452,0,0,3.32,0.0,0.0,12.0,0,1.654,1
155,oracle,N4_0,1,10.317433116277698,0.0452,0,0,3.32,0.0,0.0,12.0,0,0.0,0
156,shortest_path,N3_4,1,17.91545842891815,0.0,0,0,0.0,0.0,0.0,24.0,0,0.346,2
156,static_risk,N3_4,1,17.91545842891815,0.0,0,0,0.0,0.0,0.0,24.0,0,2.319,2
156,dynamic_risk,N3_4,1,17.91545842891815,0.0,0,0,0.0,0.0,0.0,24.0,0,3.399,2
156,dynamic_perfect_perception,N3_4,1,17.91545842891815,0.0,0,0,0.0,0.0,0.0,24.0,0,3.201,2
156,oracle,N3_4,1,17.91545842891815,0.0,0,0,0.0,0.0,0.0,24.0,0,0.0,0
157,shortest_path,N4_2,1,27.29657424354614,0.0137,0,0,0.0,0.0,0.0,36.0,0,0.671,3
157,static_risk,N4_2,1,27.29303485772686,0.0137,0,0,0.0,0.0,0.0,36.0,0,2.377,3
157,dynamic_risk,N4_2,1,27.29303485772686,0.0137,0,0,0.0,0.0,0.0,36.0,0,5.567,3
157,dynamic_perfect_perception,N4_2,1,27.29303485772686,0.0137,0,0,0.0,0.0,0.0,36.0,0,4.91,3
157,oracle,N4_2,1,27.29303485772686,0.0137,0,0,0.0,0.0,0.0,36.0,0,0.0,0
158,shortest_path,N4_6,1,26.865979579544586,0.0,0,0,0.0,0.0,0.0,36.0,0,0.547,3
158,static_risk,N4_6,1,26.865671641791042,0.0,0,0,0.0,0.0,0.0,36.0,0,2.257,3
158,dynamic_risk,N4_6,1,26.865671641791042,0.0,0,0,0.0,0.0,0.0,36.0,0,5.384,3
158,dynamic_perfect_perception,N4_6,1,26.865671641791042,0.0,0,0,0.0,0.0,0.0,36.0,0,4.978,3
158,oracle,N4_6,1,26.865671641791042,0.0,0,0,0.0,0.0,0.0,36.0,0,0.0,0
159,shortest_path,N2_8,1,38.50281614495281,0.3879,0,0,31.5,0.0,0.0,36.0,0,0.625,3
159,static_risk,N2_8,1,38.50281614495281,0.3879,0,0,31.5,0.0,0.0,36.0,0,2.318,3
159,dynamic_risk,N2_8,1,38.50281614495281,0.3879,0,0,31.5,0.0,0.0,36.0,0,6.43,3
159,dynamic_perfect_perception,N2_8,1,35.8208959033276,0.0,0,0,0.0,0.0,0.0,48.0,0,6.872,4
159,oracle,N2_8,1,35.8208959033276,0.0,0,0,0.0,0.0,0.0,48.0,0,0.0,0
160,shortest_path,N1_0,1,8.955223880597014,0.0,0,0,0.0,0.0,0.0,12.0,0,0.219,1
160,static_risk,N1_0,1,8.955223880597014,0.0,0,0,0.0,0.0,0.0,12.0,0,2.292,1
160,dynamic_risk,N1_0,1,8.955223880597014,0.0,0,0,0.0,0.0,0.0,12.0,0,1.803,1
160,dynamic_perfect_perception,N1_0,1,8.955223880597014,0.0,0,0,0.0,0.0,0.0,12.0,0,1.833,1
160,oracle,N1_0,1,8.955223880597014,0.0,0,0,0.0,0.0,0.0,12.0,0,0.0,0
161,shortest_path,N3_6,1,56.32771690988295,0.6836,0,0,55.33,0.0,0.0,48.0,0,0.877,5
161,static_risk,N3_6,1,39.48231281109608,0.1218,0,0,12.51,0.0,0.0,48.0,0,2.292,4
161,dynamic_risk,N3_6,1,39.48231281109608,0.1218,0,0,12.51,0.0,0.0,48.0,0,7.113,4
161,dynamic_perfect_perception,N3_6,1,39.47438063457308,0.1218,0,0,12.51,0.0,0.0,48.0,0,6.636,4
161,oracle,N3_6,1,48.42960223389147,0.1218,0,0,12.51,0.0,0.0,60.0,0,0.0,0
162,shortest_path,N0_4,1,8.955223880597014,0.0,0,0,0.0,0.0,0.0,12.0,0,0.171,1
162,static_risk,N0_4,1,8.955223880597014,0.0,0,0,0.0,0.0,0.0,12.0,0,2.256,1
162,dynamic_risk,N0_4,1,8.955223880597014,0.0,0,0,0.0,0.0,0.0,12.0,0,1.757,1
162,dynamic_perfect_perception,N0_4,1,8.955223880597014,0.0,0,0,0.0,0.0,0.0,12.0,0,1.643,1
162,oracle,N0_4,1,8.955223880597014,0.0,0,0,0.0,0.0,0.0,12.0,0,0.0,0
163,shortest_path,N3_7,1,41.17760939832863,0.1786,0,0,17.12,0.0,0.0,48.0,0,1.035,4
163,static_risk,N3_7,1,39.18620580365289,0.1122,0,0,12.32,0.0,0.0,48.0,0,2.299,4
163,dynamic_risk,N3_7,1,39.18620580365289,0.1122,0,0,12.32,0.0,0.0,48.0,0,7.312,4
163,dynamic_perfect_perception,N3_7,1,39.18620580365289,0.1122,0,0,12.32,0.0,0.0,48.0,0,7.032,4
163,oracle,N3_7,1,44.776127320440025,0.0,0,0,0.0,0.0,0.0,60.0,0,0.0,0
164,shortest_path,N0_8,1,8.961293734051612,0.0,0,0,0.0,0.0,0.0,12.0,0,0.205,1
164,static_risk,N0_8,1,8.961293734051612,0.0,0,0,0.0,0.0,0.0,12.0,0,2.27,1
164,dynamic_risk,N0_8,1,8.961293734051612,0.0,0,0,0.0,0.0,0.0,12.0,0,1.861,1
164,dynamic_perfect_perception,N0_8,1,8.961293734051612,0.0,0,0,0.0,0.0,0.0,12.0,0,1.701,1
164,oracle,N0_8,1,8.961293734051612,0.0,0,0,0.0,0.0,0.0,12.0,0,0.0,0
165,shortest_path,N0_2,1,26.865671641791042,0.0,0,0,0.0,0.0,0.0,36.0,0,0.687,4
165,static_risk,N0_2,1,26.865671641791042,0.0,0,0,0.0,0.0,0.0,36.0,0,5.805,4
165,dynamic_risk,N0_2,1,26.865671641791042,0.0,0,0,0.0,0.0,0.0,36.0,0,7.763,4
165,dynamic_perfect_perception,N0_2,1,26.865671641791042,0.0,0,0,0.0,0.0,0.0,36.0,0,6.339,3
165,oracle,N0_2,1,26.865671641791042,0.0,0,0,0.0,0.0,0.0,36.0,0,0.0,0
166,shortest_path,N1_4,1,17.91099597007123,0.0,0,0,0.0,0.0,0.0,24.0,0,0.386,2
166,static_risk,N1_4,1,18.877575896182567,0.0322,0,0,0.0,0.0,0.0,24.0,0,2.639,2
166,dynamic_risk,N1_4,1,18.877575896182567,0.0322,0,0,0.0,0.0,0.0,24.0,0,4.354,2
166,dynamic_perfect_perception,N1_4,1,18.877575896182567,0.0322,0,0,0.0,0.0,0.0,24.0,0,3.692,2
166,oracle,N1_4,1,17.91099597007123,0.0,0,0,0.0,0.0,0.0,24.0,0,0.0,0
167,shortest_path,N1_7,1,31.435824544679285,0.1516,0,0,16.66,0.0,0.0,36.0,0,0.778,3
167,static_risk,N1_7,1,31.435824544679285,0.1516,0,0,16.66,0.0,0.0,36.0,0,2.828,3
167,dynamic_risk,N1_7,1,29.049294282546292,0.0727,0,0,0.0,0.0,0.0,36.0,0,6.747,3
167,dynamic_perfect_perception,N1_7,1,29.049294282546292,0.0727,0,0,0.0,0.0,0.0,36.0,0,7.267,3
167,oracle,N1_7,1,63.8987738681652,0.0403,0,0,0.0,0.0,0.0,84.0,0,0.0,0
168,shortest_path,N5_1,1,8.955223880597014,0.0,0,0,0.0,0.0,0.0,12.0,0,0.391,1
168,static_risk,N5_1,1,8.955223880597014,0.0,0,0,0.0,0.0,0.0,12.0,0,2.433,1
168,dynamic_risk,N5_1,1,8.955223880597014,0.0,0,0,0.0,0.0,0.0,12.0,0,2.056,1
168,dynamic_perfect_perception,N5_1,1,8.955223880597014,0.0,0,0,0.0,0.0,0.0,12.0,0,2.159,1
168,oracle,N5_1,1,8.955223880597014,0.0,0,0,0.0,0.0,0.0,12.0,0,0.0,0
169,shortest_path,N1_9,1,8.972976533482951,0.0,0,0,0.0,0.0,0.0,12.0,0,0.387,1
169,static_risk,N1_9,1,8.972976533482951,0.0,0,0,0.0,0.0,0.0,12.0,0,3.057,1
169,dynamic_risk,N1_9,1,8.972976533482951,0.0,0,0,0.0,0.0,0.0,12.0,0,2.064,1
169,dynamic_perfect_perception,N1_9,1,8.972976533482951,0.0,0,0,0.0,0.0,0.0,12.0,0,1.962,1
169,oracle,N1_9,1,8.972976533482951,0.0,0,0,0.0,0.0,0.0,12.0,0,0.0,0
170,shortest_path,N5_5,1,8.955223880597014,0.0,0,0,0.0,0.0,0.0,12.0,0,0.19,1
170,static_risk,N5_5,1,8.955223880597014,0.0,0,0,0.0,0.0,0.0,12.0,0,2.659,1
170,dynamic_risk,N5_5,1,8.955223880597014,0.0,0,0,0.0,0.0,0.0,12.0,0,2.196,1
170,dynamic_perfect_perception,N5_5,1,8.955223880597014,0.0,0,0,0.0,0.0,0.0,12.0,0,1.905,1
170,oracle,N5_5,1,8.955223880597014,0.0,0,0,0.0,0.0,0.0,12.0,0,0.0,0
171,shortest_path,N5_5,1,9.014503753714571,0.002,0,0,0.0,0.0,0.0,12.0,0,0.221,1
171,static_risk,N5_5,1,9.014503753714571,0.002,0,0,0.0,0.0,0.0,12.0,0,2.918,1
171,dynamic_risk,N5_5,1,9.014503753714571,0.002,0,0,0.0,0.0,0.0,12.0,0,2.401,1
171,dynamic_perfect_perception,N5_5,1,9.014503753714571,0.002,0,0,0.0,0.0,0.0,12.0,0,2.136,1
171,oracle,N5_5,1,9.014503753714571,0.002,0,0,0.0,0.0,0.0,12.0,0,0.0,0
172,shortest_path,N2_5,0,,1.0,1,0,27.44,7.0,0.0,24.0,0,0.392,2
172,static_risk,N2_5,1,58.86877133195746,0.7678,0,0,58.87,0.0,0.0,48.0,0,2.944,4
172,dynamic_risk,N2_5,1,58.86877133195746,0.7678,0,0,58.87,0.0,0.0,48.0,0,9.902,4
172,dynamic_perfect_perception,N2_5,1,58.83959622427202,0.7673,0,0,58.84,0.0,0.0,48.0,0,8.892,4
172,oracle,N2_5,1,58.83959622427202,0.7673,0,0,58.84,0.0,0.0,48.0,0,0.0,0
173,shortest_path,N2_3,1,36.419000387435396,0.0199,0,0,0.0,0.0,0.0,48.0,0,0.795,4
173,static_risk,N2_3,1,36.42494887680753,0.0199,0,0,0.0,0.0,0.0,48.0,0,2.709,4
173,dynamic_risk,N2_3,1,36.42494887680753,0.0199,0,0,0.0,0.0,0.0,48.0,0,8.069,4
173,dynamic_perfect_perception,N2_3,1,36.419000387435396,0.0199,0,0,0.0,0.0,0.0,48.0,0,7.183,4
173,oracle,N2_3,1,36.419000387435396,0.0199,0,0,0.0,0.0,0.0,48.0,0,0.0,0
174,shortest_path,N5_6,1,17.914451968212955,0.0,0,0,0.0,0.0,0.0,24.0,0,0.308,2
174,static_risk,N5_6,1,17.914451968212955,0.0,0,0,0.0,0.0,0.0,24.0,0,2.11,2
174,dynamic_risk,N5_6,1,17.914451968212955,0.0,0,0,0.0,0.0,0.0,24.0,0,3.576,2
174,dynamic_perfect_perception,N5_6,1,17.914451968212955,0.0,0,0,0.0,0.0,0.0,24.0,0,3.161,2
174,oracle,N5_6,1,17.914451968212955,0.0,0,0,0.0,0.0,0.0,24.0,0,0.0,0
175,shortest_path,N3_1,1,33.10695531691438,0.208,0,0,30.11,0.0,0.0,36.0,0,0.621,3
175,static_risk,N3_1,1,33.12590819941687,0.2083,0,0,30.13,0.0,0.0,36.0,0,2.179,3
175,dynamic_risk,N3_1,1,33.12590819941687,0.2083,0,0,30.13,0.0,0.0,36.0,0,5.083,3
175,dynamic_perfect_perception,N3_1,1,33.10695531691438,0.208,0,0,30.11,0.0,0.0,36.0,0,5.182,3
175,oracle,N3_1,1,33.10695531691438,0.208,0,0,30.11,0.0,0.0,36.0,0,0.0,0
176,shortest_path,N0_2,1,26.884077212359557,0.0,0,0,0.0,0.0,0.0,36.0,0,0.669,4
176,static_risk,N0_2,1,26.884077212359557,0.0,0,0,0.0,0.0,0.0,36.0,0,2.188,3
176,dynamic_risk,N0_2,1,26.884077212359557,0.0,0,0,0.0,0.0,0.0,36.0,0,5.213,3
176,dynamic_perfect_perception,N0_2,1,26.884077212359557,0.0,0,0,0.0,0.0,0.0,36.0,0,4.877,3
176,oracle,N0_2,1,26.884077212359557,0.0,0,0,0.0,0.0,0.0,36.0,0,0.0,0
177,shortest_path,N1_6,1,17.91044776119403,0.0,0,0,0.0,0.0,0.0,24.0,0,0.381,2
177,static_risk,N1_6,1,19.11068987568122,0.0397,0,0,0.0,0.0,0.0,24.0,0,2.239,2
177,dynamic_risk,N1_6,1,19.11068987568122,0.0397,0,0,0.0,0.0,0.0,24.0,0,3.393,2
177,dynamic_perfect_perception,N1_6,1,17.91044776119403,0.0,0,0,0.0,0.0,0.0,24.0,0,3.689,2
177,oracle,N1_6,1,17.91044776119403,0.0,0,0,0.0,0.0,0.0,24.0,0,0.0,0
178,shortest_path,N1_0,1,8.955223880597014,0.0,0,0,0.0,0.0,0.0,12.0,0,0.205,1
178,static_risk,N1_0,1,8.955223880597014,0.0,0,0,0.0,0.0,0.0,12.0,0,2.197,1
178,dynamic_risk,N1_0,1,8.955223880597014,0.0,0,0,0.0,0.0,0.0,12.0,0,2.036,1
178,dynamic_perfect_perception,N1_0,1,8.955223880597014,0.0,0,0,0.0,0.0,0.0,12.0,0,1.697,1
178,oracle,N1_0,1,8.955223880597014,0.0,0,0,0.0,0.0,0.0,12.0,0,0.0,0
179,shortest_path,N1_5,1,8.955223880597014,0.0,0,0,0.0,0.0,0.0,12.0,0,0.181,1
179,static_risk,N1_5,1,8.955223880597014,0.0,0,0,0.0,0.0,0.0,12.0,0,2.215,1
179,dynamic_risk,N1_5,1,8.955223880597014,0.0,0,0,0.0,0.0,0.0,12.0,0,1.793,1
179,dynamic_perfect_perception,N1_5,1,8.955223880597014,0.0,0,0,0.0,0.0,0.0,12.0,0,1.618,1
179,oracle,N1_5,1,8.955223880597014,0.0,0,0,0.0,0.0,0.0,12.0,0,0.0,0
180,shortest_path,N1_2,1,26.8874292271733,0.0007,0,0,0.0,0.0,0.0,36.0,0,0.576,3
180,static_risk,N1_2,1,27.790353301003716,0.0308,0,0,0.0,0.0,0.0,36.0,0,2.245,3
180,dynamic_risk,N1_2,1,27.790353301003716,0.0308,0,0,0.0,0.0,0.0,36.0,0,5.991,3
180,dynamic_perfect_perception,N1_2,1,26.8874292271733,0.0007,0,0,0.0,0.0,0.0,36.0,0,5.588,3
180,oracle,N1_2,1,26.86695008388635,0.0,0,0,0.0,0.0,0.0,36.0,0,0.0,0
181,shortest_path,N4_0,1,12.240223223013835,0.6335,0,0,12.24,5.24,0.0,12.0,0,0.225,1
181,static_risk,N4_0,1,12.240223223013835,0.6335,0,0,12.24,5.24,0.0,12.0,0,2.409,1
181,dynamic_risk,N4_0,1,12.240223223013835,0.6335,0,0,12.24,5.24,0.0,12.0,0,1.944,1
181,dynamic_perfect_perception,N4_0,1,12.240223223013835,0.6335,0,0,12.24,5.24,0.0,12.0,0,1.783,1
181,oracle,N4_0,1,12.240223223013835,0.6335,0,0,12.24,5.24,0.0,12.0,0,0.0,0
182,shortest_path,N3_1,1,27.96295619556865,0.0365,0,0,0.0,0.0,0.0,36.0,0,0.62,3
182,static_risk,N3_1,1,27.96295619556865,0.0365,0,0,0.0,0.0,0.0,36.0,0,2.093,3
182,dynamic_risk,N3_1,1,27.960928309678767,0.0365,0,0,0.0,0.0,0.0,36.0,0,5.045,3
182,dynamic_perfect_perception,N3_1,1,27.960928309678767,0.0365,0,0,0.0,0.0,0.0,36.0,0,5.447,3
182,oracle,N3_1,1,27.960928309678767,0.0365,0,0,0.0,0.0,0.0,36.0,0,0.0,0
183,shortest_path,N0_8,1,8.955223880597014,0.0,0,0,0.0,0.0,0.0,12.0,0,0.188,1
183,static_risk,N0_8,1,8.955223880597014,0.0,0,0,0.0,0.0,0.0,12.0,0,2.171,1
183,dynamic_risk,N0_8,1,8.955223880597014,0.0,0,0,0.0,0.0,0.0,12.0,0,1.724,1
183,dynamic_perfect_perception,N0_8,1,8.955223880597014,0.0,0,0,0.0,0.0,0.0,12.0,0,1.666,1
183,oracle,N0_8,1,8.955223880597014,0.0,0,0,0.0,0.0,0.0,12.0,0,0.0,0
184,shortest_path,N2_0,0,,1.0,1,0,32.35,7.21,0.0,36.0,1,1.217,6
184,static_risk,N2_0,1,34.26797511702213,0.2467,0,0,34.27,0.0,0.0,36.0,0,2.534,3
184,dynamic_risk,N2_0,1,34.26797511702213,0.2467,0,0,34.27,0.0,0.0,36.0,0,6.404,3
184,dynamic_perfect_perception,N2_0,1,34.26797511702213,0.2467,0,0,34.27,0.0,0.0,36.0,0,6.475,3
184,oracle,N2_0,1,34.26797511702213,0.2467,0,0,34.27,0.0,0.0,36.0,0,0.0,0
185,shortest_path,N5_6,1,21.452182323291318,0.118,0,0,12.45,0.0,0.0,24.0,0,0.319,2
185,static_risk,N5_6,1,21.452182323291318,0.118,0,0,12.45,0.0,0.0,24.0,0,2.163,2
185,dynamic_risk,N5_6,1,21.452182323291318,0.118,0,0,12.45,0.0,0.0,24.0,0,3.432,2
185,dynamic_perfect_perception,N5_6,1,26.878176703402687,0.0,0,0,0.0,0.0,0.0,36.0,0,4.77,3
185,oracle,N5_6,1,26.878176703402687,0.0,0,0,0.0,0.0,0.0,36.0,0,0.0,0
186,shortest_path,N2_4,1,26.86608939742032,0.0,0,0,0.0,0.0,0.0,36.0,0,0.492,3
186,static_risk,N2_4,1,28.010449604020305,0.0374,0,0,0.0,0.0,0.0,36.0,0,2.192,3
186,dynamic_risk,N2_4,1,28.010449604020305,0.0374,0,0,0.0,0.0,0.0,36.0,0,5.383,3
186,dynamic_perfect_perception,N2_4,1,26.86608939742032,0.0,0,0,0.0,0.0,0.0,36.0,0,4.787,3
186,oracle,N2_4,1,26.86608939742032,0.0,0,0,0.0,0.0,0.0,36.0,0,0.0,0
187,shortest_path,N2_5,1,17.91530976728639,0.0002,0,0,0.0,0.0,0.0,24.0,0,0.352,2
187,static_risk,N2_5,1,17.91530976728639,0.0002,0,0,0.0,0.0,0.0,24.0,0,2.117,2
187,dynamic_risk,N2_5,1,17.91530976728639,0.0002,0,0,0.0,0.0,0.0,24.0,0,3.445,2
187,dynamic_perfect_perception,N2_5,1,17.91530976728639,0.0002,0,0,0.0,0.0,0.0,24.0,0,3.264,2
187,oracle,N2_5,1,35.82575740058113,0.0002,0,0,0.0,0.0,0.0,48.0,0,0.0,0
188,shortest_path,N5_5,1,8.986931391694306,0.0011,0,0,0.0,0.0,0.0,12.0,0,0.161,1
188,static_risk,N5_5,1,8.986931391694306,0.0011,0,0,0.0,0.0,0.0,12.0,0,2.067,1
188,dynamic_risk,N5_5,1,8.986931391694306,0.0011,0,0,0.0,0.0,0.0,12.0,0,1.654,1
188,dynamic_perfect_perception,N5_5,1,8.986931391694306,0.0011,0,0,0.0,0.0,0.0,12.0,0,1.791,1
188,oracle,N5_5,1,44.80777708372089,0.0011,0,0,0.0,0.0,0.0,60.0,0,0.0,0
189,shortest_path,N3_3,1,37.193087783158575,0.3435,0,0,37.19,0.0,0.0,36.0,0,0.553,3
189,static_risk,N3_3,1,35.93294513466161,0.3021,0,0,35.93,0.0,0.0,36.0,0,2.191,3
189,dynamic_risk,N3_3,1,35.93294513466161,0.3021,0,0,35.93,0.0,0.0,36.0,0,5.303,3
189,dynamic_perfect_perception,N3_3,1,35.93294513466161,0.3021,0,0,35.93,0.0,0.0,36.0,0,6.374,3
189,oracle,N3_3,1,35.93294513466161,0.3021,0,0,35.93,0.0,0.0,36.0,0,0.0,0
190,shortest_path,N0_6,1,9.551176570231283,0.0198,0,0,0.0,0.0,0.0,12.0,0,0.181,1
190,static_risk,N0_6,1,9.551176570231283,0.0198,0,0,0.0,0.0,0.0,12.0,0,2.185,1
190,dynamic_risk,N0_6,1,9.551176570231283,0.0198,0,0,0.0,0.0,0.0,12.0,0,1.707,1
190,dynamic_perfect_perception,N0_6,1,9.551176570231283,0.0198,0,0,0.0,0.0,0.0,12.0,0,1.627,1
190,oracle,N0_6,1,9.551176570231283,0.0198,0,0,0.0,0.0,0.0,12.0,0,0.0,0
191,shortest_path,N5_2,1,17.91044776119403,0.0,0,0,0.0,0.0,0.0,24.0,0,0.386,2
191,static_risk,N5_2,1,19.544573697371025,0.3127,0,0,5.58,2.58,0.0,24.0,0,2.232,2
191,dynamic_risk,N5_2,1,19.544573697371025,0.3127,0,0,5.58,2.58,0.0,24.0,0,3.508,2
191,dynamic_perfect_perception,N5_2,1,17.91044776119403,0.0,0,0,0.0,0.0,0.0,24.0,0,3.247,2
191,oracle,N5_2,1,17.91044776119403,0.0,0,0,0.0,0.0,0.0,24.0,0,0.0,0
192,shortest_path,N2_6,1,32.53843866921622,0.4958,0,0,25.54,3.07,0.0,36.0,0,0.569,3
192,static_risk,N2_6,1,32.53843866921622,0.4958,0,0,25.54,3.07,0.0,36.0,0,2.199,3
192,dynamic_risk,N2_6,1,32.53843866921622,0.4958,0,0,25.54,3.07,0.0,36.0,0,5.418,3
192,dynamic_perfect_perception,N2_6,1,32.53843866921622,0.4958,0,0,25.54,3.07,0.0,36.0,0,4.935,3
192,oracle,N2_6,1,57.783556369577596,0.4417,0,0,14.5,3.07,0.0,72.0,0,0.0,0
193,shortest_path,N3_8,1,33.284697414560675,0.9902,0,0,20.68,7.77,0.0,36.0,0,1.106,4
193,static_risk,N3_8,1,39.36045772513268,0.0988,0,0,0.0,0.0,0.0,48.0,0,2.298,4
193,dynamic_risk,N3_8,1,38.70091115236073,0.0958,0,0,0.0,0.0,0.0,48.0,0,7.172,4
193,dynamic_perfect_perception,N3_8,1,39.34805175981686,0.0987,0,0,0.0,0.0,0.0,48.0,1,7.381,4
193,oracle,N3_8,1,38.70091115236073,0.0958,0,0,0.0,0.0,0.0,48.0,0,0.0,0
194,shortest_path,N5_7,1,17.91057159775514,0.0,0,0,0.0,0.0,0.0,24.0,0,0.365,2
194,static_risk,N5_7,1,17.91057159775514,0.0,0,0,0.0,0.0,0.0,24.0,0,2.398,2
194,dynamic_risk,N5_7,1,17.91057159775514,0.0,0,0,0.0,0.0,0.0,24.0,0,3.69,2
194,dynamic_perfect_perception,N5_7,1,17.91057159775514,0.0,0,0,0.0,0.0,0.0,24.0,0,3.575,2
194,oracle,N5_7,1,17.91057159775514,0.0,0,0,0.0,0.0,0.0,24.0,0,0.0,0
195,shortest_path,N4_1,1,20.760541282221492,0.095,0,0,10.44,0.0,0.0,24.0,0,0.437,2
195,static_risk,N4_1,1,20.760541502456643,0.095,0,0,10.44,0.0,0.0,24.0,0,2.216,2
195,dynamic_risk,N4_1,1,20.760541502456643,0.095,0,0,10.44,0.0,0.0,24.0,0,3.479,2
195,dynamic_perfect_perception,N4_1,1,20.760541282221492,0.095,0,0,10.44,0.0,0.0,24.0,0,3.286,2
195,oracle,N4_1,1,20.760541282221492,0.095,0,0,10.44,0.0,0.0,24.0,0,0.0,0
196,shortest_path,N4_4,1,10.77349693559876,0.0605,0,0,6.77,0.0,0.0,12.0,0,0.178,1
196,static_risk,N4_4,1,10.77349693559876,0.0605,0,0,6.77,0.0,0.0,12.0,0,2.194,1
196,dynamic_risk,N4_4,1,10.77349693559876,0.0605,0,0,6.77,0.0,0.0,12.0,0,2.078,1
196,dynamic_perfect_perception,N4_4,1,10.77349693559876,0.0605,0,0,6.77,0.0,0.0,12.0,0,1.714,1
196,oracle,N4_4,1,81.2603719527821,0.022,0,0,0.0,0.0,0.0,108.0,0,0.0,0
197,shortest_path,N3_7,1,35.820974249283736,0.0,0,0,0.0,0.0,0.0,48.0,0,0.829,4
197,static_risk,N3_7,1,35.820974249283736,0.0,0,0,0.0,0.0,0.0,48.0,0,2.42,4
197,dynamic_risk,N3_7,1,35.820974249283736,0.0,0,0,0.0,0.0,0.0,48.0,0,7.333,4
197,dynamic_perfect_perception,N3_7,1,35.820974249283736,0.0,0,0,0.0,0.0,0.0,48.0,0,6.847,4
197,oracle,N3_7,1,35.820974249283736,0.0,0,0,0.0,0.0,0.0,48.0,0,0.0,0
198,shortest_path,N0_4,1,8.955223880597014,0.0,0,0,0.0,0.0,0.0,12.0,0,0.164,1
198,static_risk,N0_4,1,8.955223880597014,0.0,0,0,0.0,0.0,0.0,12.0,0,2.218,1
198,dynamic_risk,N0_4,1,8.955223880597014,0.0,0,0,0.0,0.0,0.0,12.0,0,1.75,1
198,dynamic_perfect_perception,N0_4,1,8.955223880597014,0.0,0,0,0.0,0.0,0.0,12.0,0,1.695,1
198,oracle,N0_4,1,8.955223880597014,0.0,0,0,0.0,0.0,0.0,12.0,0,0.0,0
199,shortest_path,N2_5,1,17.910448221025085,0.0,0,0,0.0,0.0,0.0,24.0,0,0.355,2
199,static_risk,N2_5,1,17.910448221025085,0.0,0,0,0.0,0.0,0.0,24.0,0,2.219,2
199,dynamic_risk,N2_5,1,17.910448221025085,0.0,0,0,0.0,0.0,0.0,24.0,0,3.586,2
199,dynamic_perfect_perception,N2_5,1,17.910448221025085,0.0,0,0,0.0,0.0,0.0,24.0,0,3.405,2
199,oracle,N2_5,1,17.910448221025085,0.0,0,0,0.0,0.0,0.0,24.0,0,0.0,0
